replicate_seed,generation,mutation_rate,reputation_enabled,communication_enabled,communication_error_rate,memory_window,policy,count,payoff,average_payoff_per_round,cooperation_rate,selected_count,mutations_in,mutations_out,next_count
20260921,0,0.0,False,True,0.25,,always_cooperate,25,27840,2.2272,1.0,25,0,0,25
20260921,0,0.0,False,True,0.25,,always_defect,25,26724,2.13792,0.0,24,0,0,24
20260921,0,0.0,False,True,0.25,,communication_guard,25,27628,2.21024,0.5552,25,0,0,25
20260921,0,0.0,False,True,0.25,,tit_for_tat,25,27882,2.23056,0.67024,26,0,0,26
20260921,1,0.0,False,True,0.25,,always_cooperate,25,27780,2.2224,1.0,24,0,0,24
20260921,1,0.0,False,True,0.25,,always_defect,24,25996,2.166333333333333,0.0,23,0,0,23
20260921,1,0.0,False,True,0.25,,communication_guard,25,27860,2.2288,0.5648,25,0,0,25
20260921,1,0.0,False,True,0.25,,tit_for_tat,26,31566,2.428153846153846,0.7549230769230769,28,0,0,28
20260921,2,0.0,False,True,0.25,,always_cooperate,24,27420,2.285,1.0,24,0,0,24
20260921,2,0.0,False,True,0.25,,always_defect,23,24232,2.1071304347826088,0.0,21,0,0,21
20260921,2,0.0,False,True,0.25,,communication_guard,25,29156,2.33248,0.6264,26,0,0,26
20260921,2,0.0,False,True,0.25,,tit_for_tat,28,33663,2.4045,0.7447857142857143,29,0,0,29
20260921,3,0.0,False,True,0.25,,always_cooperate,24,28110,2.3425,1.0,25,0,0,25
20260921,3,0.0,False,True,0.25,,always_defect,21,22188,2.113142857142857,0.0,20,0,0,20
20260921,3,0.0,False,True,0.25,,communication_guard,26,29472,2.267076923076923,0.5692307692307692,26,0,0,26
20260921,3,0.0,False,True,0.25,,tit_for_tat,29,32685,2.254137931034483,0.6803448275862068,29,0,0,29
20260921,4,0.0,False,True,0.25,,always_cooperate,25,29340,2.3472,1.0,25,0,0,25
20260921,4,0.0,False,True,0.25,,always_defect,20,22104,2.2104,0.0,19,0,0,19
20260921,4,0.0,False,True,0.25,,communication_guard,26,30350,2.3346153846153848,0.6153846153846154,26,0,0,26
20260921,4,0.0,False,True,0.25,,tit_for_tat,29,34869,2.404758620689655,0.7448965517241379,30,0,0,30
20260921,5,0.0,False,True,0.25,,always_cooperate,25,29220,2.3376,1.0,25,0,0,25
20260921,5,0.0,False,True,0.25,,always_defect,19,20660,2.174736842105263,0.0,17,0,0,17
20260921,5,0.0,False,True,0.25,,communication_guard,26,32666,2.512769230769231,0.6823076923076923,27,0,0,27
20260921,5,0.0,False,True,0.25,,tit_for_tat,30,37356,2.4904,0.7816,31,0,0,31
20260921,6,0.0,False,True,0.25,,always_cooperate,25,30510,2.4408,1.0,25,0,0,25
20260921,6,0.0,False,True,0.25,,always_defect,17,18592,2.187294117647059,0.0,15,0,0,15
20260921,6,0.0,False,True,0.25,,communication_guard,27,34084,2.5247407407407407,0.72,28,0,0,28
20260921,6,0.0,False,True,0.25,,tit_for_tat,31,39171,2.5271612903225806,0.7973548387096774,32,0,0,32
20260921,7,0.0,False,True,0.25,,always_cooperate,25,31470,2.5176,1.0,26,0,0,26
20260921,7,0.0,False,True,0.25,,always_defect,15,16444,2.1925333333333334,0.0,13,0,0,13
20260921,7,0.0,False,True,0.25,,communication_guard,28,34876,2.491142857142857,0.705,28,0,0,28
20260921,7,0.0,False,True,0.25,,tit_for_tat,32,40230,2.514375,0.791875,33,0,0,33
20260921,8,0.0,False,True,0.25,,always_cooperate,26,33660,2.5892307692307694,1.0,27,0,0,27
20260921,8,0.0,False,True,0.25,,always_defect,13,14492,2.2295384615384615,0.0,12,0,0,12
20260921,8,0.0,False,True,0.25,,communication_guard,28,33754,2.411,0.645,27,0,0,27
20260921,8,0.0,False,True,0.25,,tit_for_tat,33,41436,2.5112727272727273,0.7905454545454546,34,0,0,34
20260921,9,0.0,False,True,0.25,,always_cooperate,27,34650,2.566666666666667,1.0,28,0,0,28
20260921,9,0.0,False,True,0.25,,always_defect,12,13408,2.2346666666666666,0.0,11,0,0,11
20260921,9,0.0,False,True,0.25,,communication_guard,27,31850,2.359259259259259,0.5851851851851851,26,0,0,26
20260921,9,0.0,False,True,0.25,,tit_for_tat,34,44028,2.5898823529411765,0.8242352941176471,35,0,0,35
20260922,0,0.0,False,True,0.25,,always_cooperate,25,27450,2.196,1.0,24,0,0,24
20260922,0,0.0,False,True,0.25,,always_defect,25,26876,2.15008,0.0,24,0,0,24
20260922,0,0.0,False,True,0.25,,communication_guard,25,28046,2.24368,0.5696,25,0,0,25
20260922,0,0.0,False,True,0.25,,tit_for_tat,25,30192,2.41536,0.74944,27,0,0,27
20260922,1,0.0,False,True,0.25,,always_cooperate,24,26970,2.2475,1.0,24,0,0,24
20260922,1,0.0,False,True,0.25,,always_defect,24,25280,2.1066666666666665,0.0,22,0,0,22
20260922,1,0.0,False,True,0.25,,communication_guard,25,28596,2.28768,0.6016,25,0,0,25
20260922,1,0.0,False,True,0.25,,tit_for_tat,27,32121,2.3793333333333333,0.734,29,0,0,29
20260922,2,0.0,False,True,0.25,,always_cooperate,24,27930,2.3275,1.0,25,0,0,25
20260922,2,0.0,False,True,0.25,,always_defect,22,23068,2.097090909090909,0.0,21,0,0,21
20260922,2,0.0,False,True,0.25,,communication_guard,25,28038,2.24304,0.5656,25,0,0,25
20260922,2,0.0,False,True,0.25,,tit_for_tat,29,32601,2.248344827586207,0.6778620689655173,29,0,0,29
20260922,3,0.0,False,True,0.25,,always_cooperate,25,29040,2.3232,1.0,25,0,0,25
20260922,3,0.0,False,True,0.25,,always_defect,21,23136,2.2034285714285713,0.0,20,0,0,20
20260922,3,0.0,False,True,0.25,,communication_guard,25,29024,2.32192,0.612,25,0,0,25
20260922,3,0.0,False,True,0.25,,tit_for_tat,29,34785,2.3989655172413795,0.7424137931034482,30,0,0,30
20260922,4,0.0,False,True,0.25,,always_cooperate,25,28890,2.3112,1.0,25,0,0,25
20260922,4,0.0,False,True,0.25,,always_defect,20,21704,2.1704,0.0,18,0,0,18
20260922,4,0.0,False,True,0.25,,communication_guard,25,30814,2.46512,0.656,26,0,0,26
20260922,4,0.0,False,True,0.25,,tit_for_tat,30,36768,2.4512,0.7648,31,0,0,31
20260922,5,0.0,False,True,0.25,,always_cooperate,25,30120,2.4096,1.0,25,0,0,25
20260922,5,0.0,False,True,0.25,,always_defect,18,19748,2.1942222222222223,0.0,16,0,0,16
20260922,5,0.0,False,True,0.25,,communication_guard,26,32446,2.495846153846154,0.7076923076923077,27,0,0,27
20260922,5,0.0,False,True,0.25,,tit_for_tat,31,38919,2.5109032258064516,0.7903870967741935,32,0,0,32
20260922,6,0.0,False,True,0.25,,always_cooperate,25,31020,2.4816,1.0,25,0,0,25
20260922,6,0.0,False,True,0.25,,always_defect,16,17668,2.2085,0.0,15,0,0,15
20260922,6,0.0,False,True,0.25,,communication_guard,27,33130,2.454074074074074,0.682962962962963,27,0,0,27
20260922,6,0.0,False,True,0.25,,tit_for_tat,32,39663,2.4789375,0.7766875,33,0,0,33
20260922,7,0.0,False,True,0.25,,always_cooperate,25,31770,2.5416,1.0,26,0,0,26
20260922,7,0.0,False,True,0.25,,always_defect,15,16148,2.1530666666666667,0.0,13,0,0,13
20260922,7,0.0,False,True,0.25,,communication_guard,27,32338,2.3954074074074074,0.6459259259259259,27,0,0,27
20260922,7,0.0,False,True,0.25,,tit_for_tat,33,41226,2.4985454545454546,0.7850909090909091,34,0,0,34
20260922,8,0.0,False,True,0.25,,always_cooperate,26,32910,2.5315384615384615,1.0,27,0,0,27
20260922,8,0.0,False,True,0.25,,always_defect,13,14340,2.206153846153846,0.0,12,0,0,12
20260922,8,0.0,False,True,0.25,,communication_guard,27,31500,2.3333333333333335,0.5725925925925925,26,0,0,26
20260922,8,0.0,False,True,0.25,,tit_for_tat,34,43650,2.5676470588235296,0.8147058823529412,35,0,0,35
20260922,9,0.0,False,True,0.25,,always_cooperate,27,35730,2.6466666666666665,1.0,28,0,0,28
20260922,9,0.0,False,True,0.25,,always_defect,12,13168,2.1946666666666665,0.0,10,0,0,10
20260922,9,0.0,False,True,0.25,,communication_guard,26,32792,2.5224615384615383,0.713076923076923,26,0,0,26
20260922,9,0.0,False,True,0.25,,tit_for_tat,35,45570,2.604,0.8302857142857143,36,0,0,36
20260923,0,0.0,False,True,0.25,,always_cooperate,25,27870,2.2296,1.0,25,0,0,25
20260923,0,0.0,False,True,0.25,,always_defect,25,26488,2.11904,0.0,24,0,0,24
20260923,0,0.0,False,True,0.25,,communication_guard,25,28138,2.25104,0.5704,25,0,0,25
20260923,0,0.0,False,True,0.25,,tit_for_tat,25,28911,2.31288,0.70552,26,0,0,26
20260923,1,0.0,False,True,0.25,,always_cooperate,25,28440,2.2752,1.0,26,0,0,26
20260923,1,0.0,False,True,0.25,,always_defect,24,25400,2.1166666666666667,0.0,23,0,0,23
20260923,1,0.0,False,True,0.25,,communication_guard,25,27550,2.204,0.5512,25,0,0,25
20260923,1,0.0,False,True,0.25,,tit_for_tat,26,28500,2.1923076923076925,0.6538461538461539,26,0,0,26
20260923,2,0.0,False,True,0.25,,always_cooperate,26,29100,2.2384615384615385,1.0,25,0,0,25
20260923,2,0.0,False,True,0.25,,always_defect,23,26156,2.2744347826086955,0.0,23,0,0,23
20260923,2,0.0,False,True,0.25,,communication_guard,25,29390,2.3512,0.6408,25,0,0,25
20260923,2,0.0,False,True,0.25,,tit_for_tat,26,31566,2.428153846153846,0.7549230769230769,27,0,0,27
20260923,3,0.0,False,True,0.25,,always_cooperate,25,27780,2.2224,1.0,24,0,0,24
20260923,3,0.0,False,True,0.25,,always_defect,23,24924,2.167304347826087,0.0,22,0,0,22
20260923,3,0.0,False,True,0.25,,communication_guard,25,29454,2.35632,0.6048,26,0,0,26
20260923,3,0.0,False,True,0.25,,tit_for_tat,27,31953,2.366888888888889,0.7286666666666667,28,0,0,28
20260923,4,0.0,False,True,0.25,,always_cooperate,24,27270,2.2725,1.0,24,0,0,24
20260923,4,0.0,False,True,0.25,,always_defect,22,23868,2.1698181818181816,0.0,21,0,0,21
20260923,4,0.0,False,True,0.25,,communication_guard,26,30106,2.3158461538461537,0.6061538461538462,26,0,0,26
20260923,4,0.0,False,True,0.25,,tit_for_tat,28,33054,2.361,0.7261428571428571,29,0,0,29
20260923,5,0.0,False,True,0.25,,always_cooperate,24,28050,2.3375,1.0,25,0,0,25
20260923,5,0.0,False,True,0.25,,always_defect,21,22612,2.1535238095238096,0.0,20,0,0,20
20260923,5,0.0,False,True,0.25,,communication_guard,26,28580,2.1984615384615385,0.5446153846153846,25,0,0,25
20260923,5,0.0,False,True,0.25,,tit_for_tat,29,33147,2.286,0.694,30,0,0,30
20260923,6,0.0,False,True,0.25,,always_cooperate,25,29820,2.3856,1.0,26,0,0,26
20260923,6,0.0,False,True,0.25,,always_defect,20,21496,2.1496,0.0,18,0,0,18
20260923,6,0.0,False,True,0.25,,communication_guard,25,28712,2.29696,0.5896,25,0,0,25
20260923,6,0.0,False,True,0.25,,tit_for_tat,30,35403,2.3602,0.7258,31,0,0,31
20260923,7,0.0,False,True,0.25,,always_cooperate,26,31080,2.390769230769231,1.0,27,0,0,27
20260923,7,0.0,False,True,0.25,,always_defect,18,19700,2.188888888888889,0.0,17,0,0,17
20260923,7,0.0,False,True,0.25,,communication_guard,25,27620,2.2096,0.516,24,0,0,24
20260923,7,0.0,False,True,0.25,,tit_for_tat,31,37575,2.424193548387097,0.7532258064516129,32,0,0,32
20260923,8,0.0,False,True,0.25,,always_cooperate,27,33510,2.482222222222222,1.0,27,0,0,27
20260923,8,0.0,False,True,0.25,,always_defect,17,19028,2.2385882352941175,0.0,16,0,0,16
20260923,8,0.0,False,True,0.25,,communication_guard,24,29028,2.419,0.6608333333333334,24,0,0,24
20260923,8,0.0,False,True,0.25,,tit_for_tat,32,39726,2.482875,0.778375,33,0,0,33
20260923,9,0.0,False,True,0.25,,always_cooperate,27,33480,2.48,1.0,27,0,0,27
20260923,9,0.0,False,True,0.25,,always_defect,16,18472,2.309,0.0,15,0,0,15
20260923,9,0.0,False,True,0.25,,communication_guard,24,30386,2.5321666666666665,0.7341666666666666,24,0,0,24
20260923,9,0.0,False,True,0.25,,tit_for_tat,33,42948,2.602909090909091,0.8298181818181818,34,0,0,34
20260924,0,0.0,False,True,0.25,,always_cooperate,25,27870,2.2296,1.0,26,0,0,26
20260924,0,0.0,False,True,0.25,,always_defect,25,26680,2.1344,0.0,25,0,0,25
20260924,0,0.0,False,True,0.25,,communication_guard,25,26626,2.13008,0.512,24,0,0,24
20260924,0,0.0,False,True,0.25,,tit_for_tat,25,27126,2.17008,0.64432,25,0,0,25
20260924,1,0.0,False,True,0.25,,always_cooperate,26,28350,2.1807692307692306,1.0,25,0,0,25
20260924,1,0.0,False,True,0.25,,always_defect,25,28456,2.27648,0.0,25,0,0,25
20260924,1,0.0,False,True,0.25,,communication_guard,24,27172,2.2643333333333335,0.6033333333333334,24,0,0,24
20260924,1,0.0,False,True,0.25,,tit_for_tat,25,29373,2.34984,0.72136,26,0,0,26
20260924,2,0.0,False,True,0.25,,always_cooperate,25,27000,2.16,1.0,24,0,0,24
20260924,2,0.0,False,True,0.25,,always_defect,25,27052,2.16416,0.0,25,0,0,25
20260924,2,0.0,False,True,0.25,,communication_guard,24,26508,2.209,0.5208333333333334,24,0,0,24
20260924,2,0.0,False,True,0.25,,tit_for_tat,26,29655,2.2811538461538463,0.691923076923077,27,0,0,27
20260924,3,0.0,False,True,0.25,,always_cooperate,24,26100,2.175,1.0,23,0,0,23
20260924,3,0.0,False,True,0.25,,always_defect,25,27144,2.17152,0.0,24,0,0,24
20260924,3,0.0,False,True,0.25,,communication_guard,24,27292,2.2743333333333333,0.5891666666666666,25,0,0,25
20260924,3,0.0,False,True,0.25,,tit_for_tat,27,30861,2.286,0.694,28,0,0,28
20260924,4,0.0,False,True,0.25,,always_cooperate,23,25710,2.2356521739130435,1.0,24,0,0,24
20260924,4,0.0,False,True,0.25,,always_defect,24,25340,2.111666666666667,0.0,24,0,0,24
20260924,4,0.0,False,True,0.25,,communication_guard,25,26236,2.09888,0.4912,24,0,0,24
20260924,4,0.0,False,True,0.25,,tit_for_tat,28,30681,2.1915,0.6535,28,0,0,28
20260924,5,0.0,False,True,0.25,,always_cooperate,24,27090,2.2575,1.0,24,0,0,24
20260924,5,0.0,False,True,0.25,,always_defect,24,25488,2.124,0.0,23,0,0,23
20260924,5,0.0,False,True,0.25,,communication_guard,24,26246,2.1871666666666667,0.5441666666666667,24,0,0,24
20260924,5,0.0,False,True,0.25,,tit_for_tat,28,32109,2.2935,0.6972142857142857,29,0,0,29
20260924,6,0.0,False,True,0.25,,always_cooperate,24,27180,2.265,1.0,25,0,0,25
20260924,6,0.0,False,True,0.25,,always_defect,23,23992,2.0862608695652174,0.0,22,0,0,22
20260924,6,0.0,False,True,0.25,,communication_guard,24,24994,2.0828333333333333,0.46416666666666667,23,0,0,23
20260924,6,0.0,False,True,0.25,,tit_for_tat,29,32916,2.2700689655172415,0.6871724137931035,30,0,0,30
20260924,7,0.0,False,True,0.25,,always_cooperate,25,29040,2.3232,1.0,25,0,0,25
20260924,7,0.0,False,True,0.25,,always_defect,22,23832,2.1665454545454543,0.0,21,0,0,21
20260924,7,0.0,False,True,0.25,,communication_guard,23,25660,2.2313043478260868,0.5730434782608695,23,0,0,23
20260924,7,0.0,False,True,0.25,,tit_for_tat,30,35487,2.3658,0.7282,31,0,0,31
20260924,8,0.0,False,True,0.25,,always_cooperate,25,29010,2.3208,1.0,25,0,0,25
20260924,8,0.0,False,True,0.25,,always_defect,21,23164,2.206095238095238,0.0,20,0,0,20
20260924,8,0.0,False,True,0.25,,communication_guard,23,26480,2.302608695652174,0.6026086956521739,23,0,0,23
20260924,8,0.0,False,True,0.25,,tit_for_tat,31,37764,2.4363870967741934,0.7584516129032258,32,0,0,32
20260924,9,0.0,False,True,0.25,,always_cooperate,25,29130,2.3304,1.0,24,0,0,24
20260924,9,0.0,False,True,0.25,,always_defect,20,22216,2.2216,0.0,19,0,0,19
20260924,9,0.0,False,True,0.25,,communication_guard,23,27544,2.3951304347826086,0.6547826086956522,23,0,0,23
20260924,9,0.0,False,True,0.25,,tit_for_tat,32,40020,2.50125,0.78625,34,0,0,34
20260925,0,0.0,False,True,0.25,,always_cooperate,25,27240,2.1792,1.0,24,0,0,24
20260925,0,0.0,False,True,0.25,,always_defect,25,27736,2.21888,0.0,25,0,0,25
20260925,0,0.0,False,True,0.25,,communication_guard,25,27874,2.22992,0.5752,25,0,0,25
20260925,0,0.0,False,True,0.25,,tit_for_tat,25,29520,2.3616,0.7264,26,0,0,26
20260925,1,0.0,False,True,0.25,,always_cooperate,24,25890,2.1575,1.0,24,0,0,24
20260925,1,0.0,False,True,0.25,,always_defect,25,26628,2.13024,0.0,24,0,0,24
20260925,1,0.0,False,True,0.25,,communication_guard,25,27940,2.2352,0.5376,25,0,0,25
20260925,1,0.0,False,True,0.25,,tit_for_tat,26,29613,2.2779230769230767,0.6905384615384615,27,0,0,27
20260925,2,0.0,False,True,0.25,,always_cooperate,24,26490,2.2075,1.0,24,0,0,24
20260925,2,0.0,False,True,0.25,,always_defect,24,26008,2.167333333333333,0.0,23,0,0,23
20260925,2,0.0,False,True,0.25,,communication_guard,25,28768,2.30144,0.604,26,0,0,26
20260925,2,0.0,False,True,0.25,,tit_for_tat,27,30966,2.2937777777777777,0.6973333333333334,27,0,0,27
20260925,3,0.0,False,True,0.25,,always_cooperate,24,27210,2.2675,1.0,25,0,0,25
20260925,3,0.0,False,True,0.25,,always_defect,23,24784,2.155130434782609,0.0,22,0,0,22
20260925,3,0.0,False,True,0.25,,communication_guard,26,28226,2.1712307692307693,0.5284615384615384,26,0,0,26
20260925,3,0.0,False,True,0.25,,tit_for_tat,27,30315,2.2455555555555557,0.6766666666666666,27,0,0,27
20260925,4,0.0,False,True,0.25,,always_cooperate,25,29070,2.3256,1.0,26,0,0,26
20260925,4,0.0,False,True,0.25,,always_defect,22,23688,2.1534545454545455,0.0,21,0,0,21
20260925,4,0.0,False,True,0.25,,communication_guard,26,29414,2.2626153846153847,0.5769230769230769,26,0,0,26
20260925,4,0.0,False,True,0.25,,tit_for_tat,27,31302,2.3186666666666667,0.708,27,0,0,27
20260925,5,0.0,False,True,0.25,,always_cooperate,26,29910,2.3007692307692307,1.0,27,0,0,27
20260925,5,0.0,False,True,0.25,,always_defect,21,22880,2.179047619047619,0.0,20,0,0,20
20260925,5,0.0,False,True,0.25,,communication_guard,26,28268,2.1744615384615384,0.49923076923076926,25,0,0,25
20260925,5,0.0,False,True,0.25,,tit_for_tat,27,30798,2.2813333333333334,0.692,28,0,0,28
20260925,6,0.0,False,True,0.25,,always_cooperate,27,32370,2.397777777777778,1.0,28,0,0,28
20260925,6,0.0,False,True,0.25,,always_defect,20,22072,2.2072,0.0,19,0,0,19
20260925,6,0.0,False,True,0.25,,communication_guard,25,28544,2.28352,0.5928,24,0,0,24
20260925,6,0.0,False,True,0.25,,tit_for_tat,28,33516,2.394,0.7402857142857143,29,0,0,29
20260925,7,0.0,False,True,0.25,,always_cooperate,28,33600,2.4,1.0,28,0,0,28
20260925,7,0.0,False,True,0.25,,always_defect,19,21724,2.286736842105263,0.0,18,0,0,18
20260925,7,0.0,False,True,0.25,,communication_guard,24,28238,2.3531666666666666,0.6225,24,0,0,24
20260925,7,0.0,False,True,0.25,,tit_for_tat,29,35562,2.452551724137931,0.7653793103448275,30,0,0,30
20260925,8,0.0,False,True,0.25,,always_cooperate,28,33060,2.361428571428571,1.0,27,0,0,27
20260925,8,0.0,False,True,0.25,,always_defect,18,21704,2.4115555555555557,0.0,18,0,0,18
20260925,8,0.0,False,True,0.25,,communication_guard,24,29952,2.496,0.7041666666666667,24,0,0,24
20260925,8,0.0,False,True,0.25,,tit_for_tat,30,38301,2.5534,0.8086,31,0,0,31
20260925,9,0.0,False,True,0.25,,always_cooperate,27,32430,2.402222222222222,1.0,27,0,0,27
20260925,9,0.0,False,True,0.25,,always_defect,18,20328,2.2586666666666666,0.0,17,0,0,17
20260925,9,0.0,False,True,0.25,,communication_guard,24,29180,2.4316666666666666,0.65,24,0,0,24
20260925,9,0.0,False,True,0.25,,tit_for_tat,31,39213,2.5298709677419353,0.7985161290322581,32,0,0,32
20260926,0,0.0,False,True,0.25,,always_cooperate,25,26970,2.1576,1.0,24,0,0,24
20260926,0,0.0,False,True,0.25,,always_defect,25,27036,2.16288,0.0,25,0,0,25
20260926,0,0.0,False,True,0.25,,communication_guard,25,27256,2.18048,0.5072,25,0,0,25
20260926,0,0.0,False,True,0.25,,tit_for_tat,25,28197,2.25576,0.68104,26,0,0,26
20260926,1,0.0,False,True,0.25,,always_cooperate,24,26070,2.1725,1.0,24,0,0,24
20260926,1,0.0,False,True,0.25,,always_defect,25,27140,2.1712,0.0,25,0,0,25
20260926,1,0.0,False,True,0.25,,communication_guard,25,27972,2.23776,0.5672,25,0,0,25
20260926,1,0.0,False,True,0.25,,tit_for_tat,26,29172,2.244,0.676,26,0,0,26
20260926,2,0.0,False,True,0.25,,always_cooperate,24,26580,2.215,1.0,24,0,0,24
20260926,2,0.0,False,True,0.25,,always_defect,25,26736,2.13888,0.0,25,0,0,25
20260926,2,0.0,False,True,0.25,,communication_guard,25,26924,2.15392,0.5232,25,0,0,25
20260926,2,0.0,False,True,0.25,,tit_for_tat,26,28500,2.1923076923076925,0.6538461538461539,26,0,0,26
20260926,3,0.0,False,True,0.25,,always_cooperate,24,26850,2.2375,1.0,24,0,0,24
20260926,3,0.0,False,True,0.25,,always_defect,25,26440,2.1152,0.0,24,0,0,24
20260926,3,0.0,False,True,0.25,,communication_guard,25,26984,2.15872,0.536,25,0,0,25
20260926,3,0.0,False,True,0.25,,tit_for_tat,26,29529,2.2714615384615384,0.6877692307692308,27,0,0,27
20260926,4,0.0,False,True,0.25,,always_cooperate,24,26670,2.2225,1.0,25,0,0,25
20260926,4,0.0,False,True,0.25,,always_defect,24,25100,2.091666666666667,0.0,23,0,0,23
20260926,4,0.0,False,True,0.25,,communication_guard,25,25830,2.0664,0.4488,24,0,0,24
20260926,4,0.0,False,True,0.25,,tit_for_tat,27,29685,2.198888888888889,0.6566666666666666,28,0,0,28
20260926,5,0.0,False,True,0.25,,always_cooperate,25,28560,2.2848,1.0,25,0,0,25
20260926,5,0.0,False,True,0.25,,always_defect,23,24940,2.168695652173913,0.0,22,0,0,22
20260926,5,0.0,False,True,0.25,,communication_guard,24,26366,2.1971666666666665,0.5541666666666667,24,0,0,24
20260926,5,0.0,False,True,0.25,,tit_for_tat,28,32466,2.319,0.7081428571428572,29,0,0,29
20260926,6,0.0,False,True,0.25,,always_cooperate,25,28620,2.2896,1.0,25,0,0,25
20260926,6,0.0,False,True,0.25,,always_defect,22,24120,2.192727272727273,0.0,21,0,0,21
20260926,6,0.0,False,True,0.25,,communication_guard,24,26958,2.2465,0.5683333333333334,24,0,0,24
20260926,6,0.0,False,True,0.25,,tit_for_tat,29,34323,2.367103448275862,0.7287586206896551,30,0,0,30
20260926,7,0.0,False,True,0.25,,always_cooperate,25,28710,2.2968,1.0,25,0,0,25
20260926,7,0.0,False,True,0.25,,always_defect,21,23352,2.224,0.0,20,0,0,20
20260926,7,0.0,False,True,0.25,,communication_guard,24,28470,2.3725,0.6416666666666667,24,0,0,24
20260926,7,0.0,False,True,0.25,,tit_for_tat,30,36852,2.4568,0.7672,31,0,0,31
20260926,8,0.0,False,True,0.25,,always_cooperate,25,29220,2.3376,1.0,25,0,0,25
20260926,8,0.0,False,True,0.25,,always_defect,20,21864,2.1864,0.0,18,0,0,18
20260926,8,0.0,False,True,0.25,,communication_guard,24,29080,2.4233333333333333,0.65,25,0,0,25
20260926,8,0.0,False,True,0.25,,tit_for_tat,31,38394,2.4770322580645163,0.7758709677419355,32,0,0,32
20260926,9,0.0,False,True,0.25,,always_cooperate,25,30900,2.472,1.0,25,0,0,25
20260926,9,0.0,False,True,0.25,,always_defect,18,18968,2.1075555555555554,0.0,16,0,0,16
20260926,9,0.0,False,True,0.25,,communication_guard,25,30908,2.47264,0.6936,26,0,0,26
20260926,9,0.0,False,True,0.25,,tit_for_tat,32,39831,2.4894375,0.7811875,33,0,0,33
20260927,0,0.0,False,True,0.25,,always_cooperate,25,27390,2.1912,1.0,25,0,0,25
20260927,0,0.0,False,True,0.25,,always_defect,25,27368,2.18944,0.0,25,0,0,25
20260927,0,0.0,False,True,0.25,,communication_guard,25,28180,2.2544,0.5816,25,0,0,25
20260927,0,0.0,False,True,0.25,,tit_for_tat,25,28428,2.27424,0.68896,25,0,0,25
20260927,1,0.0,False,True,0.25,,always_cooperate,25,27390,2.1912,1.0,25,0,0,25
20260927,1,0.0,False,True,0.25,,always_defect,25,27600,2.208,0.0,25,0,0,25
20260927,1,0.0,False,True,0.25,,communication_guard,25,28168,2.25344,0.5864,25,0,0,25
20260927,1,0.0,False,True,0.25,,tit_for_tat,25,28218,2.25744,0.68176,25,0,0,25
20260927,2,0.0,False,True,0.25,,always_cooperate,25,28140,2.2512,1.0,25,0,0,25
20260927,2,0.0,False,True,0.25,,always_defect,25,26592,2.12736,0.0,24,0,0,24
20260927,2,0.0,False,True,0.25,,communication_guard,25,27188,2.17504,0.5432,25,0,0,25
20260927,2,0.0,False,True,0.25,,tit_for_tat,25,28365,2.2692,0.6868,26,0,0,26
20260927,3,0.0,False,True,0.25,,always_cooperate,25,27780,2.2224,1.0,26,0,0,26
20260927,3,0.0,False,True,0.25,,always_defect,24,25480,2.1233333333333335,0.0,24,0,0,24
20260927,3,0.0,False,True,0.25,,communication_guard,25,25900,2.072,0.4528,24,0,0,24
20260927,3,0.0,False,True,0.25,,tit_for_tat,26,28710,2.2084615384615383,0.6607692307692308,26,0,0,26
20260927,4,0.0,False,True,0.25,,always_cooperate,26,29370,2.2592307692307694,1.0,26,0,0,26
20260927,4,0.0,False,True,0.25,,always_defect,24,26492,2.207666666666667,0.0,24,0,0,24
20260927,4,0.0,False,True,0.25,,communication_guard,24,26756,2.2296666666666667,0.5783333333333334,24,0,0,24
20260927,4,0.0,False,True,0.25,,tit_for_tat,26,29823,2.294076923076923,0.6974615384615385,26,0,0,26
20260927,5,0.0,False,True,0.25,,always_cooperate,26,28860,2.22,1.0,26,0,0,26
20260927,5,0.0,False,True,0.25,,always_defect,24,26568,2.214,0.0,24,0,0,24
20260927,5,0.0,False,True,0.25,,communication_guard,24,26226,2.1855,0.5325,23,0,0,23
20260927,5,0.0,False,True,0.25,,tit_for_tat,26,30264,2.328,0.712,27,0,0,27
20260927,6,0.0,False,True,0.25,,always_cooperate,26,28800,2.2153846153846155,1.0,25,0,0,25
20260927,6,0.0,False,True,0.25,,always_defect,24,26836,2.2363333333333335,0.0,23,0,0,23
20260927,6,0.0,False,True,0.25,,communication_guard,23,27228,2.3676521739130436,0.6443478260869565,24,0,0,24
20260927,6,0.0,False,True,0.25,,tit_for_tat,27,32289,2.3917777777777776,0.7393333333333333,28,0,0,28
20260927,7,0.0,False,True,0.25,,always_cooperate,25,27990,2.2392,1.0,25,0,0,25
20260927,7,0.0,False,True,0.25,,always_defect,23,25252,2.195826086956522,0.0,22,0,0,22
20260927,7,0.0,False,True,0.25,,communication_guard,24,27902,2.3251666666666666,0.6075,24,0,0,24
20260927,7,0.0,False,True,0.25,,tit_for_tat,28,33369,2.3835,0.7357857142857143,29,0,0,29
20260927,8,0.0,False,True,0.25,,always_cooperate,25,29310,2.3448,1.0,26,0,0,26
20260927,8,0.0,False,True,0.25,,always_defect,22,23264,2.114909090909091,0.0,20,0,0,20
20260927,8,0.0,False,True,0.25,,communication_guard,24,28122,2.3435,0.6316666666666667,24,0,0,24
20260927,8,0.0,False,True,0.25,,tit_for_tat,29,34596,2.3859310344827587,0.7368275862068966,30,0,0,30
20260927,9,0.0,False,True,0.25,,always_cooperate,26,30840,2.3723076923076922,1.0,26,0,0,26
20260927,9,0.0,False,True,0.25,,always_defect,20,22056,2.2056,0.0,19,0,0,19
20260927,9,0.0,False,True,0.25,,communication_guard,24,28362,2.3635,0.6341666666666667,24,0,0,24
20260927,9,0.0,False,True,0.25,,tit_for_tat,30,36768,2.4512,0.7648,31,0,0,31
20260928,0,0.0,False,True,0.25,,always_cooperate,25,27390,2.1912,1.0,25,0,0,25
20260928,0,0.0,False,True,0.25,,always_defect,25,27600,2.208,0.0,25,0,0,25
20260928,0,0.0,False,True,0.25,,communication_guard,25,28168,2.25344,0.5864,25,0,0,25
20260928,0,0.0,False,True,0.25,,tit_for_tat,25,28218,2.25744,0.68176,25,0,0,25
20260928,1,0.0,False,True,0.25,,always_cooperate,25,28140,2.2512,1.0,25,0,0,25
20260928,1,0.0,False,True,0.25,,always_defect,25,26592,2.12736,0.0,24,0,0,24
20260928,1,0.0,False,True,0.25,,communication_guard,25,27188,2.17504,0.5432,25,0,0,25
20260928,1,0.0,False,True,0.25,,tit_for_tat,25,28365,2.2692,0.6868,26,0,0,26
20260928,2,0.0,False,True,0.25,,always_cooperate,25,27780,2.2224,1.0,26,0,0,26
20260928,2,0.0,False,True,0.25,,always_defect,24,25480,2.1233333333333335,0.0,24,0,0,24
20260928,2,0.0,False,True,0.25,,communication_guard,25,25900,2.072,0.4528,24,0,0,24
20260928,2,0.0,False,True,0.25,,tit_for_tat,26,28710,2.2084615384615383,0.6607692307692308,26,0,0,26
20260928,3,0.0,False,True,0.25,,always_cooperate,26,29370,2.2592307692307694,1.0,26,0,0,26
20260928,3,0.0,False,True,0.25,,always_defect,24,26492,2.207666666666667,0.0,24,0,0,24
20260928,3,0.0,False,True,0.25,,communication_guard,24,26756,2.2296666666666667,0.5783333333333334,24,0,0,24
20260928,3,0.0,False,True,0.25,,tit_for_tat,26,29823,2.294076923076923,0.6974615384615385,26,0,0,26
20260928,4,0.0,False,True,0.25,,always_cooperate,26,28860,2.22,1.0,26,0,0,26
20260928,4,0.0,False,True,0.25,,always_defect,24,26568,2.214,0.0,24,0,0,24
20260928,4,0.0,False,True,0.25,,communication_guard,24,26226,2.1855,0.5325,23,0,0,23
20260928,4,0.0,False,True,0.25,,tit_for_tat,26,30264,2.328,0.712,27,0,0,27
20260928,5,0.0,False,True,0.25,,always_cooperate,26,28800,2.2153846153846155,1.0,25,0,0,25
20260928,5,0.0,False,True,0.25,,always_defect,24,26836,2.2363333333333335,0.0,23,0,0,23
20260928,5,0.0,False,True,0.25,,communication_guard,23,27228,2.3676521739130436,0.6443478260869565,24,0,0,24
20260928,5,0.0,False,True,0.25,,tit_for_tat,27,32289,2.3917777777777776,0.7393333333333333,28,0,0,28
20260928,6,0.0,False,True,0.25,,always_cooperate,25,27990,2.2392,1.0,25,0,0,25
20260928,6,0.0,False,True,0.25,,always_defect,23,25252,2.195826086956522,0.0,22,0,0,22
20260928,6,0.0,False,True,0.25,,communication_guard,24,27902,2.3251666666666666,0.6075,24,0,0,24
20260928,6,0.0,False,True,0.25,,tit_for_tat,28,33369,2.3835,0.7357857142857143,29,0,0,29
20260928,7,0.0,False,True,0.25,,always_cooperate,25,29310,2.3448,1.0,26,0,0,26
20260928,7,0.0,False,True,0.25,,always_defect,22,23264,2.114909090909091,0.0,20,0,0,20
20260928,7,0.0,False,True,0.25,,communication_guard,24,28122,2.3435,0.6316666666666667,24,0,0,24
20260928,7,0.0,False,True,0.25,,tit_for_tat,29,34596,2.3859310344827587,0.7368275862068966,30,0,0,30
20260928,8,0.0,False,True,0.25,,always_cooperate,26,30840,2.3723076923076922,1.0,26,0,0,26
20260928,8,0.0,False,True,0.25,,always_defect,20,22056,2.2056,0.0,19,0,0,19
20260928,8,0.0,False,True,0.25,,communication_guard,24,28362,2.3635,0.6341666666666667,24,0,0,24
20260928,8,0.0,False,True,0.25,,tit_for_tat,30,36768,2.4512,0.7648,31,0,0,31
20260928,9,0.0,False,True,0.25,,always_cooperate,26,30060,2.312307692307692,1.0,25,0,0,25
20260928,9,0.0,False,True,0.25,,always_defect,19,22836,2.4037894736842107,0.0,19,0,0,19
20260928,9,0.0,False,True,0.25,,communication_guard,24,29374,2.4478333333333335,0.6875,24,0,0,24
20260928,9,0.0,False,True,0.25,,tit_for_tat,31,37890,2.444516129032258,0.7619354838709678,32,0,0,32
20260929,0,0.0,False,True,0.25,,always_cooperate,25,28140,2.2512,1.0,25,0,0,25
20260929,0,0.0,False,True,0.25,,always_defect,25,26592,2.12736,0.0,24,0,0,24
20260929,0,0.0,False,True,0.25,,communication_guard,25,27188,2.17504,0.5432,25,0,0,25
20260929,0,0.0,False,True,0.25,,tit_for_tat,25,28365,2.2692,0.6868,26,0,0,26
20260929,1,0.0,False,True,0.25,,always_cooperate,25,27780,2.2224,1.0,26,0,0,26
20260929,1,0.0,False,True,0.25,,always_defect,24,25480,2.1233333333333335,0.0,24,0,0,24
20260929,1,0.0,False,True,0.25,,communication_guard,25,25900,2.072,0.4528,24,0,0,24
20260929,1,0.0,False,True,0.25,,tit_for_tat,26,28710,2.2084615384615383,0.6607692307692308,26,0,0,26
20260929,2,0.0,False,True,0.25,,always_cooperate,26,29370,2.2592307692307694,1.0,26,0,0,26
20260929,2,0.0,False,True,0.25,,always_defect,24,26492,2.207666666666667,0.0,24,0,0,24
20260929,2,0.0,False,True,0.25,,communication_guard,24,26756,2.2296666666666667,0.5783333333333334,24,0,0,24
20260929,2,0.0,False,True,0.25,,tit_for_tat,26,29823,2.294076923076923,0.6974615384615385,26,0,0,26
20260929,3,0.0,False,True,0.25,,always_cooperate,26,28860,2.22,1.0,26,0,0,26
20260929,3,0.0,False,True,0.25,,always_defect,24,26568,2.214,0.0,24,0,0,24
20260929,3,0.0,False,True,0.25,,communication_guard,24,26226,2.1855,0.5325,23,0,0,23
20260929,3,0.0,False,True,0.25,,tit_for_tat,26,30264,2.328,0.712,27,0,0,27
20260929,4,0.0,False,True,0.25,,always_cooperate,26,28800,2.2153846153846155,1.0,25,0,0,25
20260929,4,0.0,False,True,0.25,,always_defect,24,26836,2.2363333333333335,0.0,23,0,0,23
20260929,4,0.0,False,True,0.25,,communication_guard,23,27228,2.3676521739130436,0.6443478260869565,24,0,0,24
20260929,4,0.0,False,True,0.25,,tit_for_tat,27,32289,2.3917777777777776,0.7393333333333333,28,0,0,28
20260929,5,0.0,False,True,0.25,,always_cooperate,25,27990,2.2392,1.0,25,0,0,25
20260929,5,0.0,False,True,0.25,,always_defect,23,25252,2.195826086956522,0.0,22,0,0,22
20260929,5,0.0,False,True,0.25,,communication_guard,24,27902,2.3251666666666666,0.6075,24,0,0,24
20260929,5,0.0,False,True,0.25,,tit_for_tat,28,33369,2.3835,0.7357857142857143,29,0,0,29
20260929,6,0.0,False,True,0.25,,always_cooperate,25,29310,2.3448,1.0,26,0,0,26
20260929,6,0.0,False,True,0.25,,always_defect,22,23264,2.114909090909091,0.0,20,0,0,20
20260929,6,0.0,False,True,0.25,,communication_guard,24,28122,2.3435,0.6316666666666667,24,0,0,24
20260929,6,0.0,False,True,0.25,,tit_for_tat,29,34596,2.3859310344827587,0.7368275862068966,30,0,0,30
20260929,7,0.0,False,True,0.25,,always_cooperate,26,30840,2.3723076923076922,1.0,26,0,0,26
20260929,7,0.0,False,True,0.25,,always_defect,20,22056,2.2056,0.0,19,0,0,19
20260929,7,0.0,False,True,0.25,,communication_guard,24,28362,2.3635,0.6341666666666667,24,0,0,24
20260929,7,0.0,False,True,0.25,,tit_for_tat,30,36768,2.4512,0.7648,31,0,0,31
20260929,8,0.0,False,True,0.25,,always_cooperate,26,30060,2.312307692307692,1.0,25,0,0,25
20260929,8,0.0,False,True,0.25,,always_defect,19,22836,2.4037894736842107,0.0,19,0,0,19
20260929,8,0.0,False,True,0.25,,communication_guard,24,29374,2.4478333333333335,0.6875,24,0,0,24
20260929,8,0.0,False,True,0.25,,tit_for_tat,31,37890,2.444516129032258,0.7619354838709678,32,0,0,32
20260929,9,0.0,False,True,0.25,,always_cooperate,25,29790,2.3832,1.0,25,0,0,25
20260929,9,0.0,False,True,0.25,,always_defect,19,21048,2.215578947368421,0.0,18,0,0,18
20260929,9,0.0,False,True,0.25,,communication_guard,24,28916,2.409666666666667,0.6658333333333334,24,0,0,24
20260929,9,0.0,False,True,0.25,,tit_for_tat,32,39894,2.493375,0.782875,33,0,0,33
20260930,0,0.0,False,True,0.25,,always_cooperate,25,27510,2.2008,1.0,26,0,0,26
20260930,0,0.0,False,True,0.25,,always_defect,25,26468,2.11744,0.0,25,0,0,25
20260930,0,0.0,False,True,0.25,,communication_guard,25,25854,2.06832,0.4552,24,0,0,24
20260930,0,0.0,False,True,0.25,,tit_for_tat,25,27357,2.18856,0.65224,25,0,0,25
20260930,1,0.0,False,True,0.25,,always_cooperate,26,29040,2.233846153846154,1.0,26,0,0,26
20260930,1,0.0,False,True,0.25,,always_defect,25,27496,2.19968,0.0,25,0,0,25
20260930,1,0.0,False,True,0.25,,communication_guard,24,26332,2.1943333333333332,0.5608333333333333,24,0,0,24
20260930,1,0.0,False,True,0.25,,tit_for_tat,25,28323,2.26584,0.68536,25,0,0,25
20260930,2,0.0,False,True,0.25,,always_cooperate,26,28380,2.183076923076923,1.0,26,0,0,26
20260930,2,0.0,False,True,0.25,,always_defect,25,27688,2.21504,0.0,25,0,0,25
20260930,2,0.0,False,True,0.25,,communication_guard,24,25466,2.1221666666666668,0.49833333333333335,23,0,0,23
20260930,2,0.0,False,True,0.25,,tit_for_tat,25,28659,2.29272,0.69688,26,0,0,26
20260930,3,0.0,False,True,0.25,,always_cooperate,26,28380,2.183076923076923,1.0,25,0,0,25
20260930,3,0.0,False,True,0.25,,always_defect,25,27968,2.23744,0.0,25,0,0,25
20260930,3,0.0,False,True,0.25,,communication_guard,23,26476,2.3022608695652176,0.611304347826087,23,0,0,23
20260930,3,0.0,False,True,0.25,,tit_for_tat,26,30579,2.3522307692307693,0.7223846153846154,27,0,0,27
20260930,4,0.0,False,True,0.25,,always_cooperate,25,27120,2.1696,1.0,24,0,0,24
20260930,4,0.0,False,True,0.25,,always_defect,25,27604,2.20832,0.0,25,0,0,25
20260930,4,0.0,False,True,0.25,,communication_guard,23,26118,2.271130434782609,0.5843478260869566,23,0,0,23
20260930,4,0.0,False,True,0.25,,tit_for_tat,27,31827,2.3575555555555554,0.7246666666666667,28,0,0,28
20260930,5,0.0,False,True,0.25,,always_cooperate,24,27030,2.2525,1.0,24,0,0,24
20260930,5,0.0,False,True,0.25,,always_defect,25,26064,2.08512,0.0,23,0,0,23
20260930,5,0.0,False,True,0.25,,communication_guard,23,26086,2.2683478260869565,0.5991304347826087,24,0,0,24
20260930,5,0.0,False,True,0.25,,tit_for_tat,28,32655,2.3325,0.7139285714285715,29,0,0,29
20260930,6,0.0,False,True,0.25,,always_cooperate,24,26940,2.245,1.0,24,0,0,24
20260930,6,0.0,False,True,0.25,,always_defect,23,24824,2.1586086956521737,0.0,22,0,0,22
20260930,6,0.0,False,True,0.25,,communication_guard,24,27838,2.3198333333333334,0.6108333333333333,24,0,0,24
20260930,6,0.0,False,True,0.25,,tit_for_tat,29,34512,2.380137931034483,0.7343448275862069,30,0,0,30
20260930,7,0.0,False,True,0.25,,always_cooperate,24,26640,2.22,1.0,23,0,0,23
20260930,7,0.0,False,True,0.25,,always_defect,22,25124,2.284,0.0,22,0,0,22
20260930,7,0.0,False,True,0.25,,communication_guard,24,27366,2.2805,0.5925,24,0,0,24
20260930,7,0.0,False,True,0.25,,tit_for_tat,30,35130,2.342,0.718,31,0,0,31
20260930,8,0.0,False,True,0.25,,always_cooperate,23,26580,2.311304347826087,1.0,24,0,0,24
20260930,8,0.0,False,True,0.25,,always_defect,22,23068,2.097090909090909,0.0,20,0,0,20
20260930,8,0.0,False,True,0.25,,communication_guard,24,27554,2.2961666666666667,0.6033333333333334,24,0,0,24
20260930,8,0.0,False,True,0.25,,tit_for_tat,31,36777,2.372709677419355,0.7311612903225806,32,0,0,32
20260930,9,0.0,False,True,0.25,,always_cooperate,24,28380,2.365,1.0,24,0,0,24
20260930,9,0.0,False,True,0.25,,always_defect,20,21364,2.1364,0.0,18,0,0,18
20260930,9,0.0,False,True,0.25,,communication_guard,24,28428,2.369,0.6341666666666667,24,0,0,24
20260930,9,0.0,False,True,0.25,,tit_for_tat,32,39327,2.4579375,0.7676875,34,0,0,34
