replicate_seed,generation,mutation_rate,policy,count,payoff,average_payoff_per_round,cooperation_rate,selected_count,mutations_in,mutations_out,next_count
20260921,0,0.02,always_cooperate,20,24420,2.442,1.0,20,0,0,20
20260921,0,0.02,always_defect,20,23876,2.3876,0.0,19,1,0,20
20260921,0,0.02,forgiving_tit_for_tat,20,25886,2.5886,0.8504,21,0,0,21
20260921,0,0.02,pavlov,20,24975,2.4975,0.8995,20,0,0,20
20260921,0,0.02,tit_for_tat,20,25170,2.517,0.793,20,0,1,19
20260921,1,0.02,always_cooperate,20,23700,2.37,1.0,19,1,1,19
20260921,1,0.02,always_defect,20,24736,2.4736,0.0,20,0,1,19
20260921,1,0.02,forgiving_tit_for_tat,21,26572,2.530666666666667,0.8293333333333334,21,0,0,21
20260921,1,0.02,pavlov,20,25200,2.52,0.904,20,0,0,20
20260921,1,0.02,tit_for_tat,19,24804,2.6109473684210527,0.8332631578947368,20,1,0,21
20260921,2,0.02,always_cooperate,19,23250,2.4473684210526314,1.0,18,1,0,19
20260921,2,0.02,always_defect,19,23036,2.4248421052631577,0.0,18,0,0,18
20260921,2,0.02,forgiving_tit_for_tat,21,27122,2.583047619047619,0.8483809523809523,22,1,2,21
20260921,2,0.02,pavlov,20,24875,2.4875,0.8975,20,0,0,20
20260921,2,0.02,tit_for_tat,21,27069,2.578,0.8191428571428572,22,1,1,22
20260921,3,0.02,always_cooperate,19,23040,2.425263157894737,1.0,18,0,0,18
20260921,3,0.02,always_defect,18,22296,2.477333333333333,0.0,18,1,0,19
20260921,3,0.02,forgiving_tit_for_tat,21,27320,2.6019047619047617,0.8552380952380952,21,1,1,21
20260921,3,0.02,pavlov,20,25350,2.535,0.907,20,0,0,20
20260921,3,0.02,tit_for_tat,22,28926,2.6296363636363638,0.8412727272727273,23,0,1,22
20260921,4,0.02,always_cooperate,18,21450,2.3833333333333333,1.0,17,1,0,18
20260921,4,0.02,always_defect,19,23012,2.4223157894736844,0.0,18,2,0,20
20260921,4,0.02,forgiving_tit_for_tat,21,27210,2.5914285714285716,0.8514285714285714,22,0,1,21
20260921,4,0.02,pavlov,20,25325,2.5325,0.9065,20,0,0,20
20260921,4,0.02,tit_for_tat,22,28737,2.6124545454545456,0.8339090909090909,23,0,2,21
20260921,5,0.02,always_cooperate,18,21120,2.3466666666666667,1.0,17,0,0,17
20260921,5,0.02,always_defect,20,24048,2.4048,0.0,19,0,0,19
20260921,5,0.02,forgiving_tit_for_tat,21,26792,2.5516190476190475,0.836952380952381,22,1,1,22
20260921,5,0.02,pavlov,20,25450,2.545,0.909,20,0,0,20
20260921,5,0.02,tit_for_tat,21,27006,2.572,0.8165714285714286,22,1,1,22
20260921,6,0.02,always_cooperate,17,20280,2.3858823529411763,1.0,16,1,0,17
20260921,6,0.02,always_defect,19,22820,2.4021052631578947,0.0,18,0,1,17
20260921,6,0.02,forgiving_tit_for_tat,22,28600,2.6,0.8545454545454545,23,0,0,23
20260921,6,0.02,pavlov,20,25100,2.51,0.902,20,0,0,20
20260921,6,0.02,tit_for_tat,22,28590,2.599090909090909,0.8281818181818181,23,0,0,23
20260921,7,0.02,always_cooperate,17,20820,2.449411764705882,1.0,17,1,0,18
20260921,7,0.02,always_defect,17,20536,2.416,0.0,16,0,0,16
20260921,7,0.02,forgiving_tit_for_tat,23,29726,2.5848695652173914,0.8490434782608696,23,0,1,22
20260921,7,0.02,pavlov,20,25850,2.585,0.917,20,0,0,20
20260921,7,0.02,tit_for_tat,23,30615,2.6621739130434783,0.8552173913043478,24,1,1,24
20260921,8,0.02,always_cooperate,18,22650,2.5166666666666666,1.0,17,1,0,18
20260921,8,0.02,always_defect,16,19492,2.4365,0.0,15,1,2,14
20260921,8,0.02,forgiving_tit_for_tat,22,29260,2.66,0.8763636363636363,23,1,1,23
20260921,8,0.02,pavlov,20,25600,2.56,0.912,20,1,0,21
20260921,8,0.02,tit_for_tat,24,31737,2.64475,0.84775,25,0,1,24
20260921,9,0.02,always_cooperate,18,23010,2.5566666666666666,1.0,17,1,0,18
20260921,9,0.02,always_defect,14,17076,2.4394285714285715,0.0,13,0,2,11
20260921,9,0.02,forgiving_tit_for_tat,23,30936,2.690086956521739,0.8873043478260869,24,0,0,24
20260921,9,0.02,pavlov,21,27975,2.664285714285714,0.9328571428571428,21,3,1,23
20260921,9,0.02,tit_for_tat,24,32640,2.72,0.88,25,1,2,24
20260922,0,0.02,always_cooperate,20,23700,2.37,1.0,19,0,0,19
20260922,0,0.02,always_defect,20,24640,2.464,0.0,20,0,0,20
20260922,0,0.02,forgiving_tit_for_tat,20,25248,2.5248,0.8272,20,1,0,21
20260922,0,0.02,pavlov,20,25300,2.53,0.906,20,0,0,20
20260922,0,0.02,tit_for_tat,20,26052,2.6052,0.8308,21,0,1,20
20260922,1,0.02,always_cooperate,19,22920,2.4126315789473685,1.0,18,0,2,16
20260922,1,0.02,always_defect,20,24148,2.4148,0.0,19,1,1,19
20260922,1,0.02,forgiving_tit_for_tat,21,27034,2.574666666666667,0.8453333333333334,22,3,1,24
20260922,1,0.02,pavlov,20,24725,2.4725,0.8945,20,0,1,19
20260922,1,0.02,tit_for_tat,20,25464,2.5464,0.8056,21,2,1,22
20260922,2,0.02,always_cooperate,16,19080,2.385,1.0,15,0,0,15
20260922,2,0.02,always_defect,19,22380,2.3557894736842107,0.0,18,2,0,20
20260922,2,0.02,forgiving_tit_for_tat,24,31160,2.5966666666666667,0.8533333333333334,25,0,1,24
20260922,2,0.02,pavlov,19,23825,2.5078947368421054,0.901578947368421,19,0,0,19
20260922,2,0.02,tit_for_tat,22,28695,2.6086363636363634,0.8322727272727273,23,0,1,22
20260922,3,0.02,always_cooperate,15,17730,2.364,1.0,14,1,0,15
20260922,3,0.02,always_defect,20,22776,2.2776,0.0,18,0,0,18
20260922,3,0.02,forgiving_tit_for_tat,24,30390,2.5325,0.83,25,0,1,24
20260922,3,0.02,pavlov,19,24100,2.536842105263158,0.9073684210526316,20,0,0,20
20260922,3,0.02,tit_for_tat,22,28506,2.5914545454545452,0.8249090909090909,23,0,0,23
20260922,4,0.02,always_cooperate,15,18390,2.452,1.0,15,1,0,16
20260922,4,0.02,always_defect,18,20568,2.2853333333333334,0.0,16,1,0,17
20260922,4,0.02,forgiving_tit_for_tat,24,31446,2.6205,0.862,25,1,1,25
20260922,4,0.02,pavlov,20,25475,2.5475,0.9095,20,0,1,19
20260922,4,0.02,tit_for_tat,23,30237,2.629304347826087,0.8411304347826087,24,0,1,23
20260922,5,0.02,always_cooperate,16,19470,2.43375,1.0,15,0,0,15
20260922,5,0.02,always_defect,17,20228,2.379764705882353,0.0,16,0,0,16
20260922,5,0.02,forgiving_tit_for_tat,25,32990,2.6392,0.8688,26,0,0,26
20260922,5,0.02,pavlov,19,24450,2.5736842105263156,0.9147368421052632,19,0,0,19
20260922,5,0.02,tit_for_tat,23,30258,2.6311304347826088,0.8419130434782609,24,0,0,24
20260922,6,0.02,always_cooperate,15,18750,2.5,1.0,15,1,0,16
20260922,6,0.02,always_defect,16,18416,2.302,0.0,14,1,0,15
20260922,6,0.02,forgiving_tit_for_tat,26,34138,2.626,0.864,27,0,0,27
20260922,6,0.02,pavlov,19,24850,2.6157894736842104,0.9231578947368421,19,1,2,18
20260922,6,0.02,tit_for_tat,24,32178,2.6815,0.8635,25,0,1,24
20260922,7,0.02,always_cooperate,16,20010,2.50125,1.0,15,0,0,15
20260922,7,0.02,always_defect,15,18144,2.4192,0.0,14,1,1,14
20260922,7,0.02,forgiving_tit_for_tat,27,36232,2.683851851851852,0.8850370370370371,28,0,0,28
20260922,7,0.02,pavlov,18,23175,2.575,0.915,18,1,0,19
20260922,7,0.02,tit_for_tat,24,32262,2.6885,0.8665,25,0,1,24
20260922,8,0.02,always_cooperate,15,19200,2.56,1.0,15,0,1,14
20260922,8,0.02,always_defect,14,16120,2.302857142857143,0.0,12,2,0,14
20260922,8,0.02,forgiving_tit_for_tat,28,37864,2.7045714285714286,0.8925714285714286,29,0,1,28
20260922,8,0.02,pavlov,19,25325,2.6657894736842107,0.9331578947368421,19,0,0,19
20260922,8,0.02,tit_for_tat,24,32451,2.70425,0.87325,25,0,0,25
20260922,9,0.02,always_cooperate,14,17940,2.5628571428571427,1.0,14,1,0,15
20260922,9,0.02,always_defect,14,16104,2.3005714285714287,0.0,12,0,0,12
20260922,9,0.02,forgiving_tit_for_tat,28,37380,2.67,0.88,29,0,2,27
20260922,9,0.02,pavlov,19,25175,2.65,0.93,19,0,0,19
20260922,9,0.02,tit_for_tat,25,33909,2.71272,0.87688,26,1,0,27
20260923,0,0.02,always_cooperate,20,24120,2.412,1.0,19,0,0,19
20260923,0,0.02,always_defect,20,24472,2.4472,0.0,20,0,1,19
20260923,0,0.02,forgiving_tit_for_tat,20,25820,2.582,0.848,21,1,0,22
20260923,0,0.02,pavlov,20,24650,2.465,0.893,20,0,0,20
20260923,0,0.02,tit_for_tat,20,25632,2.5632,0.8128,20,0,0,20
20260923,1,0.02,always_cooperate,19,22800,2.4,1.0,18,0,3,15
20260923,1,0.02,always_defect,19,23476,2.471157894736842,0.0,19,2,0,21
20260923,1,0.02,forgiving_tit_for_tat,22,28512,2.592,0.8516363636363636,23,0,0,23
20260923,1,0.02,pavlov,20,25025,2.5025,0.9005,20,0,1,19
20260923,1,0.02,tit_for_tat,20,25989,2.5989,0.8281,20,2,0,22
20260923,2,0.02,always_cooperate,15,17610,2.348,1.0,14,2,0,16
20260923,2,0.02,always_defect,21,23676,2.254857142857143,0.0,19,0,3,16
20260923,2,0.02,forgiving_tit_for_tat,23,28934,2.516,0.824,24,1,0,25
20260923,2,0.02,pavlov,19,23825,2.5078947368421054,0.901578947368421,20,2,0,22
20260923,2,0.02,tit_for_tat,22,28317,2.5742727272727275,0.8175454545454546,23,0,2,21
20260923,3,0.02,always_cooperate,16,20040,2.505,1.0,15,1,0,16
20260923,3,0.02,always_defect,16,18996,2.3745,0.0,15,1,0,16
20260923,3,0.02,forgiving_tit_for_tat,25,33298,2.66384,0.87776,26,0,1,25
20260923,3,0.02,pavlov,22,28600,2.6,0.92,22,0,1,21
20260923,3,0.02,tit_for_tat,21,27993,2.666,0.8568571428571429,22,1,1,22
20260923,4,0.02,always_cooperate,16,19680,2.46,1.0,15,0,0,15
20260923,4,0.02,always_defect,16,19340,2.4175,0.0,15,1,1,15
20260923,4,0.02,forgiving_tit_for_tat,25,33298,2.66384,0.87776,26,0,0,26
20260923,4,0.02,pavlov,21,27350,2.604761904761905,0.920952380952381,21,0,0,21
20260923,4,0.02,tit_for_tat,22,29157,2.6506363636363637,0.8502727272727273,23,1,1,23
20260923,5,0.02,always_cooperate,15,18990,2.532,1.0,15,0,0,15
20260923,5,0.02,always_defect,15,17576,2.3434666666666666,0.0,14,0,1,13
20260923,5,0.02,forgiving_tit_for_tat,26,34380,2.644615384615385,0.8707692307692307,26,1,0,27
20260923,5,0.02,pavlov,21,27650,2.6333333333333333,0.9266666666666666,21,0,0,21
20260923,5,0.02,tit_for_tat,23,31161,2.7096521739130437,0.8755652173913043,24,0,0,24
20260923,6,0.02,always_cooperate,15,19260,2.568,1.0,14,0,0,14
20260923,6,0.02,always_defect,13,15712,2.4172307692307693,0.0,12,1,0,13
20260923,6,0.02,forgiving_tit_for_tat,27,36870,2.7311111111111113,0.9022222222222223,28,0,1,27
20260923,6,0.02,pavlov,21,27825,2.65,0.93,21,0,1,20
20260923,6,0.02,tit_for_tat,24,32682,2.7235,0.8815,25,1,0,26
20260923,7,0.02,always_cooperate,14,17760,2.537142857142857,1.0,13,0,0,13
20260923,7,0.02,always_defect,13,15160,2.332307692307692,0.0,11,0,0,11
20260923,7,0.02,forgiving_tit_for_tat,27,36474,2.7017777777777776,0.8915555555555555,28,0,0,28
20260923,7,0.02,pavlov,20,27250,2.725,0.945,21,0,0,21
20260923,7,0.02,tit_for_tat,26,35451,2.727,0.883,27,0,0,27
20260923,8,0.02,always_cooperate,13,17370,2.6723076923076925,1.0,13,1,1,13
20260923,8,0.02,always_defect,11,12688,2.306909090909091,0.0,9,3,0,12
20260923,8,0.02,forgiving_tit_for_tat,28,38524,2.751714285714286,0.9097142857142857,29,1,1,29
20260923,8,0.02,pavlov,21,28400,2.704761904761905,0.940952380952381,21,1,2,20
20260923,8,0.02,tit_for_tat,27,37329,2.765111111111111,0.8993333333333333,28,0,2,26
20260923,9,0.02,always_cooperate,13,17010,2.616923076923077,1.0,13,0,0,13
20260923,9,0.02,always_defect,12,13824,2.304,0.0,10,0,1,9
20260923,9,0.02,forgiving_tit_for_tat,29,39430,2.719310344827586,0.8979310344827586,30,0,1,29
20260923,9,0.02,pavlov,20,27075,2.7075,0.9415,20,2,0,22
20260923,9,0.02,tit_for_tat,26,35409,2.7237692307692307,0.8816153846153846,27,0,0,27
20260924,0,0.02,always_cooperate,20,23730,2.373,1.0,19,0,0,19
20260924,0,0.02,always_defect,20,25000,2.5,0.0,20,2,0,22
20260924,0,0.02,forgiving_tit_for_tat,20,25446,2.5446,0.8344,20,0,0,20
20260924,0,0.02,pavlov,20,24775,2.4775,0.8955,20,0,1,19
20260924,0,0.02,tit_for_tat,20,25779,2.5779,0.8191,21,0,1,20
20260924,1,0.02,always_cooperate,19,21840,2.298947368421053,1.0,18,2,0,20
20260924,1,0.02,always_defect,22,26460,2.4054545454545453,0.0,21,0,1,20
20260924,1,0.02,forgiving_tit_for_tat,20,25270,2.527,0.828,21,1,1,21
20260924,1,0.02,pavlov,19,23475,2.471052631578947,0.8942105263157895,19,0,1,18
20260924,1,0.02,tit_for_tat,20,25590,2.559,0.811,21,1,1,21
20260924,2,0.02,always_cooperate,20,23490,2.349,1.0,19,0,0,19
20260924,2,0.02,always_defect,20,24524,2.4524,0.0,20,0,1,19
20260924,2,0.02,forgiving_tit_for_tat,21,27188,2.5893333333333333,0.8506666666666667,22,1,0,23
20260924,2,0.02,pavlov,18,22725,2.525,0.905,18,0,0,18
20260924,2,0.02,tit_for_tat,21,27006,2.572,0.8165714285714286,21,1,1,21
20260924,3,0.02,always_cooperate,19,22440,2.3621052631578947,1.0,18,1,0,19
20260924,3,0.02,always_defect,19,23476,2.471157894736842,0.0,18,1,0,19
20260924,3,0.02,forgiving_tit_for_tat,23,29792,2.590608695652174,0.8511304347826087,24,0,0,24
20260924,3,0.02,pavlov,18,22775,2.5305555555555554,0.9061111111111111,18,0,1,17
20260924,3,0.02,tit_for_tat,21,27279,2.598,0.8277142857142857,22,0,1,21
20260924,4,0.02,always_cooperate,19,23400,2.463157894736842,1.0,19,0,1,18
20260924,4,0.02,always_defect,19,22276,2.344842105263158,0.0,18,1,1,18
20260924,4,0.02,forgiving_tit_for_tat,24,30808,2.5673333333333335,0.8426666666666667,24,0,0,24
20260924,4,0.02,pavlov,17,21350,2.511764705882353,0.9023529411764706,17,1,0,18
20260924,4,0.02,tit_for_tat,21,27468,2.616,0.8354285714285714,22,0,0,22
20260924,5,0.02,always_cooperate,18,22230,2.47,1.0,17,0,0,17
20260924,5,0.02,always_defect,18,21464,2.384888888888889,0.0,17,1,0,18
20260924,5,0.02,forgiving_tit_for_tat,24,31226,2.6021666666666667,0.8553333333333333,25,0,1,24
20260924,5,0.02,pavlov,18,22575,2.5083333333333333,0.9016666666666666,18,2,0,20
20260924,5,0.02,tit_for_tat,22,28653,2.6048181818181817,0.8306363636363636,23,0,2,21
20260924,6,0.02,always_cooperate,17,20610,2.4247058823529413,1.0,16,0,0,16
20260924,6,0.02,always_defect,18,21688,2.409777777777778,0.0,17,1,0,18
20260924,6,0.02,forgiving_tit_for_tat,24,31358,2.613166666666667,0.8593333333333333,25,0,1,24
20260924,6,0.02,pavlov,20,25300,2.53,0.906,20,1,0,21
20260924,6,0.02,tit_for_tat,21,27720,2.64,0.8457142857142858,22,0,1,21
20260924,7,0.02,always_cooperate,16,19530,2.44125,1.0,15,0,0,15
20260924,7,0.02,always_defect,18,21144,2.3493333333333335,0.0,17,0,3,14
20260924,7,0.02,forgiving_tit_for_tat,24,30874,2.5728333333333335,0.8446666666666667,25,2,1,26
20260924,7,0.02,pavlov,21,27075,2.5785714285714287,0.9157142857142857,21,2,0,23
20260924,7,0.02,tit_for_tat,21,27405,2.61,0.8328571428571429,22,0,0,22
20260924,8,0.02,always_cooperate,15,19140,2.552,1.0,15,1,0,16
20260924,8,0.02,always_defect,14,16768,2.3954285714285715,0.0,13,0,1,12
20260924,8,0.02,forgiving_tit_for_tat,26,35040,2.6953846153846155,0.8892307692307693,27,0,0,27
20260924,8,0.02,pavlov,23,30525,2.6543478260869566,0.9308695652173913,23,0,0,23
20260924,8,0.02,tit_for_tat,22,29493,2.6811818181818183,0.8633636363636363,22,0,0,22
20260924,9,0.02,always_cooperate,16,21270,2.65875,1.0,16,1,0,17
20260924,9,0.02,always_defect,12,14428,2.4046666666666665,0.0,11,0,0,11
20260924,9,0.02,forgiving_tit_for_tat,27,36540,2.7066666666666666,0.8933333333333333,27,0,0,27
20260924,9,0.02,pavlov,23,30975,2.6934782608695653,0.938695652173913,23,0,0,23
20260924,9,0.02,tit_for_tat,22,30228,2.748,0.892,23,0,1,22
20260925,0,0.02,always_cooperate,20,24000,2.4,1.0,19,0,1,18
20260925,0,0.02,always_defect,20,24192,2.4192,0.0,19,0,0,19
20260925,0,0.02,forgiving_tit_for_tat,20,25776,2.5776,0.8464,21,1,0,22
20260925,0,0.02,pavlov,20,25125,2.5125,0.9025,20,1,1,20
20260925,0,0.02,tit_for_tat,20,26031,2.6031,0.8299,21,0,0,21
20260925,1,0.02,always_cooperate,18,21450,2.3833333333333333,1.0,17,1,0,18
20260925,1,0.02,always_defect,19,22924,2.4130526315789473,0.0,18,1,1,18
20260925,1,0.02,forgiving_tit_for_tat,22,28314,2.574,0.8450909090909091,23,0,1,22
20260925,1,0.02,pavlov,20,25625,2.5625,0.9125,20,0,0,20
20260925,1,0.02,tit_for_tat,21,27195,2.59,0.8242857142857143,22,0,0,22
20260925,2,0.02,always_cooperate,18,21750,2.4166666666666665,1.0,17,1,2,16
20260925,2,0.02,always_defect,18,22016,2.446222222222222,0.0,17,3,0,20
20260925,2,0.02,forgiving_tit_for_tat,22,28754,2.614,0.8596363636363636,23,1,0,24
20260925,2,0.02,pavlov,20,25425,2.5425,0.9085,20,1,3,18
20260925,2,0.02,tit_for_tat,22,28737,2.6124545454545456,0.8339090909090909,23,0,1,22
20260925,3,0.02,always_cooperate,16,19080,2.385,1.0,15,1,1,15
20260925,3,0.02,always_defect,20,22952,2.2952,0.0,19,0,0,19
20260925,3,0.02,forgiving_tit_for_tat,24,30720,2.56,0.84,25,0,1,24
20260925,3,0.02,pavlov,18,22450,2.4944444444444445,0.8988888888888888,18,0,0,18
20260925,3,0.02,tit_for_tat,22,28632,2.602909090909091,0.8298181818181818,23,1,0,24
20260925,4,0.02,always_cooperate,15,18090,2.412,1.0,14,0,1,13
20260925,4,0.02,always_defect,19,21836,2.2985263157894735,0.0,18,1,0,19
20260925,4,0.02,forgiving_tit_for_tat,24,31314,2.6095,0.858,25,0,1,24
20260925,4,0.02,pavlov,18,22225,2.4694444444444446,0.8938888888888888,18,1,0,19
20260925,4,0.02,tit_for_tat,24,31107,2.59225,0.82525,25,0,0,25
20260925,5,0.02,always_cooperate,13,15150,2.330769230769231,1.0,12,1,0,13
20260925,5,0.02,always_defect,19,21284,2.240421052631579,0.0,17,0,1,16
20260925,5,0.02,forgiving_tit_for_tat,24,31226,2.6021666666666667,0.8553333333333333,25,0,1,24
20260925,5,0.02,pavlov,19,24350,2.5631578947368423,0.9126315789473685,20,1,0,21
20260925,5,0.02,tit_for_tat,25,32628,2.61024,0.83296,26,0,0,26
20260925,6,0.02,always_cooperate,13,16260,2.5015384615384617,1.0,13,1,0,14
20260925,6,0.02,always_defect,16,18212,2.2765,0.0,14,0,0,14
20260925,6,0.02,forgiving_tit_for_tat,24,31842,2.6535,0.874,25,1,1,25
20260925,6,0.02,pavlov,21,27050,2.5761904761904764,0.9152380952380952,21,0,0,21
20260925,6,0.02,tit_for_tat,26,34695,2.668846153846154,0.8580769230769231,27,0,1,26
20260925,7,0.02,always_cooperate,14,17850,2.55,1.0,14,0,1,13
20260925,7,0.02,always_defect,14,16140,2.3057142857142856,0.0,12,1,0,13
20260925,7,0.02,forgiving_tit_for_tat,25,33584,2.68672,0.88608,26,0,0,26
20260925,7,0.02,pavlov,21,28100,2.676190476190476,0.9352380952380952,21,0,0,21
20260925,7,0.02,tit_for_tat,26,34821,2.6785384615384618,0.8622307692307692,27,0,0,27
20260925,8,0.02,always_cooperate,13,16920,2.603076923076923,1.0,13,0,0,13
20260925,8,0.02,always_defect,13,14996,2.3070769230769232,0.0,11,0,1,10
20260925,8,0.02,forgiving_tit_for_tat,26,34996,2.692,0.888,27,1,0,28
20260925,8,0.02,pavlov,21,27825,2.65,0.93,21,0,0,21
20260925,8,0.02,tit_for_tat,27,37035,2.743333333333333,0.89,28,0,0,28
20260925,9,0.02,always_cooperate,13,17790,2.736923076923077,1.0,13,0,1,12
20260925,9,0.02,always_defect,10,11076,2.2152,0.0,8,0,0,8
20260925,9,0.02,forgiving_tit_for_tat,28,38920,2.78,0.92,29,1,0,30
20260925,9,0.02,pavlov,21,28850,2.7476190476190476,0.9495238095238095,21,0,0,21
20260925,9,0.02,tit_for_tat,28,39081,2.7915,0.9106428571428572,29,0,0,29
20260926,0,0.02,always_cooperate,20,23490,2.349,1.0,19,0,0,19
20260926,0,0.02,always_defect,20,24888,2.4888,0.0,20,0,0,20
20260926,0,0.02,forgiving_tit_for_tat,20,25886,2.5886,0.8504,21,0,0,21
20260926,0,0.02,pavlov,20,25100,2.51,0.902,20,0,0,20
20260926,0,0.02,tit_for_tat,20,25842,2.5842,0.8218,20,0,0,20
20260926,1,0.02,always_cooperate,19,22110,2.3273684210526318,1.0,18,1,0,19
20260926,1,0.02,always_defect,20,24928,2.4928,0.0,20,0,0,20
20260926,1,0.02,forgiving_tit_for_tat,21,26858,2.557904761904762,0.8392380952380952,21,0,1,20
20260926,1,0.02,pavlov,20,25100,2.51,0.902,20,0,1,19
20260926,1,0.02,tit_for_tat,20,25800,2.58,0.82,21,1,0,22
20260926,2,0.02,always_cooperate,19,23160,2.437894736842105,1.0,19,0,0,19
20260926,2,0.02,always_defect,20,23648,2.3648,0.0,19,0,1,18
20260926,2,0.02,forgiving_tit_for_tat,20,25512,2.5512,0.8368,20,0,0,20
20260926,2,0.02,pavlov,19,23425,2.4657894736842105,0.8931578947368422,19,0,0,19
20260926,2,0.02,tit_for_tat,22,28611,2.601,0.829,23,1,0,24
20260926,3,0.02,always_cooperate,19,23490,2.4726315789473685,1.0,19,0,1,18
20260926,3,0.02,always_defect,18,21752,2.416888888888889,0.0,17,1,0,18
20260926,3,0.02,forgiving_tit_for_tat,20,26018,2.6018,0.8552,20,0,0,20
20260926,3,0.02,pavlov,19,23800,2.5052631578947366,0.9010526315789473,19,0,0,19
20260926,3,0.02,tit_for_tat,24,31464,2.622,0.838,25,0,0,25
20260926,4,0.02,always_cooperate,18,21990,2.4433333333333334,1.0,17,0,1,16
20260926,4,0.02,always_defect,18,21336,2.3706666666666667,0.0,17,2,0,19
20260926,4,0.02,forgiving_tit_for_tat,20,26062,2.6062,0.8568,21,1,0,22
20260926,4,0.02,pavlov,19,24300,2.557894736842105,0.911578947368421,19,0,0,19
20260926,4,0.02,tit_for_tat,25,32964,2.63712,0.84448,26,0,2,24
20260926,5,0.02,always_cooperate,16,19320,2.415,1.0,15,0,0,15
20260926,5,0.02,always_defect,19,21952,2.310736842105263,0.0,18,0,0,18
20260926,5,0.02,forgiving_tit_for_tat,22,28050,2.55,0.8363636363636363,23,0,1,22
20260926,5,0.02,pavlov,19,24150,2.542105263157895,0.9084210526315789,19,1,0,20
20260926,5,0.02,tit_for_tat,24,31107,2.59225,0.82525,25,0,0,25
20260926,6,0.02,always_cooperate,15,18450,2.46,1.0,15,2,1,16
20260926,6,0.02,always_defect,18,20512,2.2791111111111113,0.0,16,1,3,14
20260926,6,0.02,forgiving_tit_for_tat,22,28666,2.606,0.8567272727272728,23,0,2,21
20260926,6,0.02,pavlov,20,25500,2.55,0.91,20,4,0,24
20260926,6,0.02,tit_for_tat,25,32586,2.60688,0.83152,26,1,2,25
20260926,7,0.02,always_cooperate,16,20880,2.61,1.0,16,1,1,16
20260926,7,0.02,always_defect,14,16744,2.392,0.0,13,1,1,13
20260926,7,0.02,forgiving_tit_for_tat,21,27980,2.664761904761905,0.878095238095238,21,0,0,21
20260926,7,0.02,pavlov,24,31475,2.622916666666667,0.9245833333333333,24,0,0,24
20260926,7,0.02,tit_for_tat,25,33909,2.71272,0.87688,26,0,0,26
20260926,8,0.02,always_cooperate,16,21030,2.62875,1.0,16,0,2,14
20260926,8,0.02,always_defect,13,15628,2.4043076923076923,0.0,12,1,0,13
20260926,8,0.02,forgiving_tit_for_tat,21,28442,2.708761904761905,0.894095238095238,22,1,0,23
20260926,8,0.02,pavlov,24,31875,2.65625,0.93125,24,0,1,23
20260926,8,0.02,tit_for_tat,26,35031,2.6946923076923075,0.8691538461538462,26,1,0,27
20260926,9,0.02,always_cooperate,14,18420,2.6314285714285712,1.0,14,0,0,14
20260926,9,0.02,always_defect,13,15376,2.3655384615384616,0.0,12,0,0,12
20260926,9,0.02,forgiving_tit_for_tat,23,30870,2.6843478260869564,0.8852173913043478,23,0,0,23
20260926,9,0.02,pavlov,23,30200,2.626086956521739,0.9252173913043479,23,0,0,23
20260926,9,0.02,tit_for_tat,27,36951,2.737111111111111,0.8873333333333333,28,0,0,28
20260927,0,0.02,always_cooperate,20,23400,2.34,1.0,19,1,1,19
20260927,0,0.02,always_defect,20,25240,2.524,0.0,20,1,0,21
20260927,0,0.02,forgiving_tit_for_tat,20,25556,2.5556,0.8384,20,0,0,20
20260927,0,0.02,pavlov,20,24950,2.495,0.899,20,0,0,20
20260927,0,0.02,tit_for_tat,20,25884,2.5884,0.8236,21,0,1,20
20260927,1,0.02,always_cooperate,19,22920,2.4126315789473685,1.0,19,1,1,19
20260927,1,0.02,always_defect,21,24892,2.3706666666666667,0.0,20,0,1,19
20260927,1,0.02,forgiving_tit_for_tat,20,25160,2.516,0.824,20,0,1,19
20260927,1,0.02,pavlov,20,24550,2.455,0.891,20,1,0,21
20260927,1,0.02,tit_for_tat,20,25632,2.5632,0.8128,21,1,0,22
20260927,2,0.02,always_cooperate,19,23190,2.4410526315789474,1.0,18,0,0,18
20260927,2,0.02,always_defect,19,23108,2.432421052631579,0.0,18,1,0,19
20260927,2,0.02,forgiving_tit_for_tat,19,24518,2.580842105263158,0.8475789473684211,20,0,0,20
20260927,2,0.02,pavlov,21,26200,2.4952380952380953,0.8990476190476191,21,0,2,19
20260927,2,0.02,tit_for_tat,22,28590,2.599090909090909,0.8281818181818181,23,1,0,24
20260927,3,0.02,always_cooperate,18,21750,2.4166666666666665,1.0,17,0,0,17
20260927,3,0.02,always_defect,19,22512,2.369684210526316,0.0,18,0,0,18
20260927,3,0.02,forgiving_tit_for_tat,20,25864,2.5864,0.8496,21,0,0,21
20260927,3,0.02,pavlov,19,23950,2.5210526315789474,0.9042105263157895,19,1,0,20
20260927,3,0.02,tit_for_tat,24,31443,2.62025,0.83725,25,0,1,24
20260927,4,0.02,always_cooperate,17,20730,2.438823529411765,1.0,16,0,2,14
20260927,4,0.02,always_defect,18,21412,2.379111111111111,0.0,17,0,0,17
20260927,4,0.02,forgiving_tit_for_tat,21,27056,2.576761904761905,0.8460952380952381,22,0,0,22
20260927,4,0.02,pavlov,20,25550,2.555,0.911,20,1,0,21
20260927,4,0.02,tit_for_tat,24,31401,2.61675,0.83575,25,1,0,26
20260927,5,0.02,always_cooperate,14,17310,2.472857142857143,1.0,14,2,0,16
20260927,5,0.02,always_defect,17,19380,2.28,0.0,15,1,1,15
20260927,5,0.02,forgiving_tit_for_tat,22,28754,2.614,0.8596363636363636,23,0,0,23
20260927,5,0.02,pavlov,21,27150,2.585714285714286,0.9171428571428571,21,0,1,20
20260927,5,0.02,tit_for_tat,26,34086,2.622,0.838,27,0,1,26
20260927,6,0.02,always_cooperate,16,20490,2.56125,1.0,16,1,1,16
20260927,6,0.02,always_defect,15,17740,2.3653333333333335,0.0,14,1,0,15
20260927,6,0.02,forgiving_tit_for_tat,23,30298,2.6346086956521737,0.8671304347826087,23,1,1,23
20260927,6,0.02,pavlov,20,25900,2.59,0.918,20,0,1,19
20260927,6,0.02,tit_for_tat,26,35052,2.6963076923076925,0.8698461538461538,27,0,0,27
20260927,7,0.02,always_cooperate,16,20520,2.565,1.0,16,0,0,16
20260927,7,0.02,always_defect,15,17628,2.3504,0.0,13,1,0,14
20260927,7,0.02,forgiving_tit_for_tat,23,30584,2.659478260869565,0.8761739130434782,24,0,0,24
20260927,7,0.02,pavlov,19,24525,2.581578947368421,0.9163157894736842,19,1,0,20
20260927,7,0.02,tit_for_tat,27,35859,2.656222222222222,0.8526666666666667,28,0,2,26
20260927,8,0.02,always_cooperate,16,20700,2.5875,1.0,16,0,0,16
20260927,8,0.02,always_defect,14,16888,2.4125714285714284,0.0,13,0,0,13
20260927,8,0.02,forgiving_tit_for_tat,24,32084,2.6736666666666666,0.8813333333333333,24,0,0,24
20260927,8,0.02,pavlov,20,25775,2.5775,0.9155,20,0,0,20
20260927,8,0.02,tit_for_tat,26,35409,2.7237692307692307,0.8816153846153846,27,0,0,27
20260927,9,0.02,always_cooperate,16,20790,2.59875,1.0,16,0,0,16
20260927,9,0.02,always_defect,13,15124,2.326769230769231,0.0,11,0,0,11
20260927,9,0.02,forgiving_tit_for_tat,24,32854,2.737833333333333,0.9046666666666666,25,0,0,25
20260927,9,0.02,pavlov,20,26925,2.6925,0.9385,20,0,0,20
20260927,9,0.02,tit_for_tat,27,36615,2.712222222222222,0.8766666666666667,28,0,0,28
20260928,0,0.02,always_cooperate,20,24360,2.436,1.0,20,1,0,21
20260928,0,0.02,always_defect,20,24112,2.4112,0.0,19,1,0,20
20260928,0,0.02,forgiving_tit_for_tat,20,25380,2.538,0.832,20,0,0,20
20260928,0,0.02,pavlov,20,24850,2.485,0.897,20,0,0,20
20260928,0,0.02,tit_for_tat,20,25842,2.5842,0.8218,21,0,2,19
20260928,1,0.02,always_cooperate,21,25680,2.4457142857142857,1.0,20,0,0,20
20260928,1,0.02,always_defect,20,24612,2.4612,0.0,20,0,0,20
20260928,1,0.02,forgiving_tit_for_tat,20,25358,2.5358,0.8312,20,0,1,19
20260928,1,0.02,pavlov,20,24500,2.45,0.89,20,0,0,20
20260928,1,0.02,tit_for_tat,19,24489,2.5777894736842106,0.8190526315789474,20,1,0,21
20260928,2,0.02,always_cooperate,20,23910,2.391,1.0,19,0,1,18
20260928,2,0.02,always_defect,20,24652,2.4652,0.0,20,0,1,19
20260928,2,0.02,forgiving_tit_for_tat,19,24100,2.536842105263158,0.8315789473684211,19,1,2,18
20260928,2,0.02,pavlov,20,24800,2.48,0.896,20,1,0,21
20260928,2,0.02,tit_for_tat,21,27447,2.614,0.8345714285714285,22,2,0,24
20260928,3,0.02,always_cooperate,18,22140,2.46,1.0,18,1,1,18
20260928,3,0.02,always_defect,19,22408,2.3587368421052632,0.0,18,1,1,18
20260928,3,0.02,forgiving_tit_for_tat,18,22886,2.5428888888888888,0.8337777777777777,18,1,0,19
20260928,3,0.02,pavlov,21,26550,2.5285714285714285,0.9057142857142857,21,0,0,21
20260928,3,0.02,tit_for_tat,24,30897,2.57475,0.81775,25,0,1,24
20260928,4,0.02,always_cooperate,18,22050,2.45,1.0,17,0,0,17
20260928,4,0.02,always_defect,18,21680,2.408888888888889,0.0,17,0,0,17
20260928,4,0.02,forgiving_tit_for_tat,19,24826,2.6132631578947367,0.8593684210526316,20,0,0,20
20260928,4,0.02,pavlov,21,26650,2.538095238095238,0.9076190476190477,21,0,0,21
20260928,4,0.02,tit_for_tat,24,31464,2.622,0.838,25,0,0,25
20260928,5,0.02,always_cooperate,17,21240,2.498823529411765,1.0,17,0,0,17
20260928,5,0.02,always_defect,17,20292,2.387294117647059,0.0,16,1,1,16
20260928,5,0.02,forgiving_tit_for_tat,20,26128,2.6128,0.8592,20,1,2,19
20260928,5,0.02,pavlov,21,26575,2.530952380952381,0.9061904761904762,21,1,0,22
20260928,5,0.02,tit_for_tat,25,33489,2.67912,0.86248,26,1,1,26
20260928,6,0.02,always_cooperate,17,21540,2.5341176470588236,1.0,17,0,1,16
20260928,6,0.02,always_defect,16,19456,2.432,0.0,15,2,0,17
20260928,6,0.02,forgiving_tit_for_tat,19,25024,2.634105263157895,0.8669473684210526,19,0,0,19
20260928,6,0.02,pavlov,22,27975,2.543181818181818,0.9086363636363637,22,0,0,22
20260928,6,0.02,tit_for_tat,26,34317,2.6397692307692306,0.8456153846153847,27,0,1,26
20260928,7,0.02,always_cooperate,16,19950,2.49375,1.0,16,1,0,17
20260928,7,0.02,always_defect,17,20572,2.420235294117647,0.0,16,1,0,17
20260928,7,0.02,forgiving_tit_for_tat,19,24386,2.5669473684210526,0.8425263157894737,19,0,0,19
20260928,7,0.02,pavlov,22,27575,2.506818181818182,0.9013636363636364,22,0,2,20
20260928,7,0.02,tit_for_tat,26,34611,2.6623846153846156,0.8553076923076923,27,0,0,27
20260928,8,0.02,always_cooperate,17,20940,2.4635294117647057,1.0,16,2,0,18
20260928,8,0.02,always_defect,17,20004,2.3534117647058825,0.0,16,1,1,16
20260928,8,0.02,forgiving_tit_for_tat,19,25376,2.671157894736842,0.880421052631579,20,1,0,21
20260928,8,0.02,pavlov,20,25825,2.5825,0.9165,20,0,3,17
20260928,8,0.02,tit_for_tat,27,35523,2.6313333333333335,0.842,28,1,1,28
20260928,9,0.02,always_cooperate,18,22080,2.453333333333333,1.0,17,1,0,18
20260928,9,0.02,always_defect,16,19376,2.422,0.0,15,0,0,15
20260928,9,0.02,forgiving_tit_for_tat,21,27760,2.643809523809524,0.8704761904761905,22,0,1,21
20260928,9,0.02,pavlov,17,22225,2.614705882352941,0.9229411764705883,17,0,1,16
20260928,9,0.02,tit_for_tat,28,37611,2.6865,0.8656428571428572,29,1,0,30
20260929,0,0.02,always_cooperate,20,24300,2.43,1.0,19,0,0,19
20260929,0,0.02,always_defect,20,24376,2.4376,0.0,20,0,1,19
20260929,0,0.02,forgiving_tit_for_tat,20,25556,2.5556,0.8384,20,0,0,20
20260929,0,0.02,pavlov,20,24525,2.4525,0.8905,20,0,0,20
20260929,0,0.02,tit_for_tat,20,25905,2.5905,0.8245,21,1,0,22
20260929,1,0.02,always_cooperate,19,22950,2.4157894736842107,1.0,18,0,1,17
20260929,1,0.02,always_defect,19,23364,2.4593684210526314,0.0,19,1,0,20
20260929,1,0.02,forgiving_tit_for_tat,20,25666,2.5666,0.8424,20,0,0,20
20260929,1,0.02,pavlov,20,24825,2.4825,0.8965,20,0,0,20
20260929,1,0.02,tit_for_tat,22,29073,2.643,0.847,23,0,0,23
20260929,2,0.02,always_cooperate,17,20460,2.407058823529412,1.0,17,0,2,15
20260929,2,0.02,always_defect,20,23316,2.3316,0.0,19,1,0,20
20260929,2,0.02,forgiving_tit_for_tat,20,25226,2.5226,0.8264,20,0,0,20
20260929,2,0.02,pavlov,20,25150,2.515,0.903,20,1,0,21
20260929,2,0.02,tit_for_tat,23,29355,2.552608695652174,0.8082608695652174,24,0,0,24
20260929,3,0.02,always_cooperate,15,17970,2.396,1.0,14,0,1,13
20260929,3,0.02,always_defect,20,22948,2.2948,0.0,19,1,0,20
20260929,3,0.02,forgiving_tit_for_tat,20,25600,2.56,0.84,21,0,0,21
20260929,3,0.02,pavlov,21,26100,2.4857142857142858,0.8971428571428571,21,0,0,21
20260929,3,0.02,tit_for_tat,24,30813,2.56775,0.81475,25,0,0,25
20260929,4,0.02,always_cooperate,13,15510,2.3861538461538463,1.0,13,1,1,13
20260929,4,0.02,always_defect,20,22552,2.2552,0.0,18,0,1,17
20260929,4,0.02,forgiving_tit_for_tat,21,26638,2.536952380952381,0.8316190476190476,22,0,0,22
20260929,4,0.02,pavlov,21,25825,2.4595238095238097,0.8919047619047619,21,0,0,21
20260929,4,0.02,tit_for_tat,25,32649,2.61192,0.83368,26,1,0,27
20260929,5,0.02,always_cooperate,13,16440,2.5292307692307694,1.0,13,0,0,13
20260929,5,0.02,always_defect,17,18872,2.220235294117647,0.0,15,0,2,13
20260929,5,0.02,forgiving_tit_for_tat,22,28710,2.61,0.8581818181818182,23,2,0,25
20260929,5,0.02,pavlov,21,26825,2.5547619047619046,0.910952380952381,21,1,0,22
20260929,5,0.02,tit_for_tat,27,35292,2.6142222222222222,0.8346666666666667,28,0,1,27
20260929,6,0.02,always_cooperate,13,17010,2.616923076923077,1.0,13,0,1,12
20260929,6,0.02,always_defect,13,15168,2.3335384615384616,0.0,11,0,0,11
20260929,6,0.02,forgiving_tit_for_tat,25,33672,2.69376,0.88864,26,1,0,27
20260929,6,0.02,pavlov,22,28925,2.6295454545454544,0.9259090909090909,22,0,0,22
20260929,6,0.02,tit_for_tat,27,36846,2.7293333333333334,0.884,28,0,0,28
20260929,7,0.02,always_cooperate,12,16470,2.745,1.0,12,0,1,11
20260929,7,0.02,always_defect,11,11844,2.1534545454545455,0.0,9,0,0,9
20260929,7,0.02,forgiving_tit_for_tat,27,37178,2.753925925925926,0.9105185185185185,28,0,0,28
20260929,7,0.02,pavlov,22,29950,2.7227272727272727,0.9445454545454546,22,1,1,22
20260929,7,0.02,tit_for_tat,28,38556,2.754,0.8945714285714286,29,1,0,30
20260929,8,0.02,always_cooperate,11,15060,2.7381818181818183,1.0,11,0,0,11
20260929,8,0.02,always_defect,9,10100,2.2444444444444445,0.0,7,1,0,8
20260929,8,0.02,forgiving_tit_for_tat,28,39052,2.7894285714285716,0.9234285714285714,29,0,1,28
20260929,8,0.02,pavlov,22,30400,2.7636363636363637,0.9527272727272728,22,0,0,22
20260929,8,0.02,tit_for_tat,30,42228,2.8152,0.9208,31,1,1,31
20260929,9,0.02,always_cooperate,11,15000,2.727272727272727,1.0,11,0,0,11
20260929,9,0.02,always_defect,8,9072,2.268,0.0,7,1,0,8
20260929,9,0.02,forgiving_tit_for_tat,28,39272,2.805142857142857,0.9291428571428572,28,1,0,29
20260929,9,0.02,pavlov,22,31025,2.8204545454545453,0.9640909090909091,22,0,0,22
20260929,9,0.02,tit_for_tat,31,43875,2.8306451612903225,0.9274193548387096,32,0,2,30
20260930,0,0.02,always_cooperate,20,23910,2.391,1.0,19,0,0,19
20260930,0,0.02,always_defect,20,24736,2.4736,0.0,20,0,0,20
20260930,0,0.02,forgiving_tit_for_tat,20,25402,2.5402,0.8328,20,0,0,20
20260930,0,0.02,pavlov,20,24725,2.4725,0.8945,20,0,0,20
20260930,0,0.02,tit_for_tat,20,26199,2.6199,0.8371,21,0,0,21
20260930,1,0.02,always_cooperate,19,23100,2.431578947368421,1.0,19,0,0,19
20260930,1,0.02,always_defect,20,23752,2.3752,0.0,19,0,1,18
20260930,1,0.02,forgiving_tit_for_tat,20,25248,2.5248,0.8272,20,0,1,19
20260930,1,0.02,pavlov,20,25075,2.5075,0.9015,20,1,0,21
20260930,1,0.02,tit_for_tat,21,26859,2.558,0.8105714285714286,22,1,0,23
20260930,2,0.02,always_cooperate,19,23250,2.4473684210526314,1.0,18,0,0,18
20260930,2,0.02,always_defect,18,22208,2.4675555555555557,0.0,18,0,0,18
20260930,2,0.02,forgiving_tit_for_tat,19,24650,2.594736842105263,0.8526315789473684,19,1,0,20
20260930,2,0.02,pavlov,21,26525,2.526190476190476,0.9052380952380953,21,0,0,21
20260930,2,0.02,tit_for_tat,23,30153,2.622,0.838,24,0,1,23
20260930,3,0.02,always_cooperate,18,22080,2.453333333333333,1.0,17,0,0,17
20260930,3,0.02,always_defect,18,21796,2.421777777777778,0.0,17,1,0,18
20260930,3,0.02,forgiving_tit_for_tat,20,26062,2.6062,0.8568,21,0,0,21
20260930,3,0.02,pavlov,21,26475,2.5214285714285714,0.9042857142857142,21,0,0,21
20260930,3,0.02,tit_for_tat,23,30384,2.642086956521739,0.8466086956521739,24,0,1,23
20260930,4,0.02,always_cooperate,17,20940,2.4635294117647057,1.0,17,0,2,15
20260930,4,0.02,always_defect,18,21608,2.400888888888889,0.0,17,2,1,18
20260930,4,0.02,forgiving_tit_for_tat,21,27056,2.576761904761905,0.8460952380952381,21,0,0,21
20260930,4,0.02,pavlov,21,26475,2.5214285714285714,0.9042857142857142,21,0,0,21
20260930,4,0.02,tit_for_tat,23,29817,2.5927826086956522,0.8254782608695652,24,1,0,25
20260930,5,0.02,always_cooperate,15,18660,2.488,1.0,15,0,0,15
20260930,5,0.02,always_defect,18,21064,2.3404444444444445,0.0,17,0,0,17
20260930,5,0.02,forgiving_tit_for_tat,21,26792,2.5516190476190475,0.836952380952381,21,0,0,21
20260930,5,0.02,pavlov,21,26025,2.4785714285714286,0.8957142857142857,21,0,0,21
20260930,5,0.02,tit_for_tat,25,33027,2.64216,0.84664,26,0,0,26
20260930,6,0.02,always_cooperate,15,18570,2.476,1.0,15,2,1,16
20260930,6,0.02,always_defect,17,19304,2.271058823529412,0.0,15,0,1,14
20260930,6,0.02,forgiving_tit_for_tat,21,28156,2.6815238095238096,0.8841904761904762,22,1,0,23
20260930,6,0.02,pavlov,21,27275,2.5976190476190477,0.9195238095238095,21,0,1,20
20260930,6,0.02,tit_for_tat,26,33918,2.6090769230769233,0.8324615384615385,27,1,1,27
20260930,7,0.02,always_cooperate,16,20490,2.56125,1.0,16,0,0,16
20260930,7,0.02,always_defect,14,16492,2.356,0.0,13,1,0,14
20260930,7,0.02,forgiving_tit_for_tat,23,30760,2.674782608695652,0.8817391304347826,23,1,0,24
20260930,7,0.02,pavlov,20,26625,2.6625,0.9325,20,1,0,21
20260930,7,0.02,tit_for_tat,27,36552,2.7075555555555555,0.8746666666666667,28,0,3,25
20260930,8,0.02,always_cooperate,16,20370,2.54625,1.0,16,1,1,16
20260930,8,0.02,always_defect,14,16820,2.402857142857143,0.0,13,0,1,12
20260930,8,0.02,forgiving_tit_for_tat,24,32128,2.6773333333333333,0.8826666666666667,24,1,0,25
20260930,8,0.02,pavlov,21,27925,2.6595238095238094,0.9319047619047619,21,1,1,21
20260930,8,0.02,tit_for_tat,25,33762,2.70096,0.87184,26,0,0,26
20260930,9,0.02,always_cooperate,16,21120,2.64,1.0,16,1,0,17
20260930,9,0.02,always_defect,12,14464,2.4106666666666667,0.0,11,0,0,11
20260930,9,0.02,forgiving_tit_for_tat,25,34420,2.7536,0.9104,25,0,1,24
20260930,9,0.02,pavlov,21,27825,2.65,0.93,21,1,0,22
20260930,9,0.02,tit_for_tat,26,36039,2.7722307692307693,0.9023846153846153,27,0,1,26
