replicate_seed,generation,mutation_rate,reputation_enabled,communication_enabled,policy,count,payoff,average_payoff_per_round,cooperation_rate,selected_count,mutations_in,mutations_out,next_count
20260921,0,0.0,False,True,always_cooperate,25,28200,2.256,1.0,24,0,0,24
20260921,0,0.0,False,True,always_defect,25,26284,2.10272,0.0,23,0,0,23
20260921,0,0.0,False,True,communication_guard,25,31062,2.48496,0.736,27,0,0,27
20260921,0,0.0,False,True,tit_for_tat,25,29541,2.36328,0.72712,26,0,0,26
20260921,1,0.0,False,True,always_cooperate,24,27390,2.2825,1.0,23,0,0,23
20260921,1,0.0,False,True,always_defect,23,24304,2.113391304347826,0.0,21,0,0,21
20260921,1,0.0,False,True,communication_guard,27,33144,2.455111111111111,0.7237037037037037,28,0,0,28
20260921,1,0.0,False,True,tit_for_tat,26,32658,2.512153846153846,0.790923076923077,28,0,0,28
20260921,2,0.0,False,True,always_cooperate,23,27270,2.371304347826087,1.0,23,0,0,23
20260921,2,0.0,False,True,always_defect,21,21552,2.0525714285714285,0.0,18,0,0,18
20260921,2,0.0,False,True,communication_guard,28,34262,2.447285714285714,0.7171428571428572,29,0,0,29
20260921,2,0.0,False,True,tit_for_tat,28,34734,2.481,0.7775714285714286,30,0,0,30
20260921,3,0.0,False,True,always_cooperate,23,28380,2.4678260869565216,1.0,23,0,0,23
20260921,3,0.0,False,True,always_defect,18,18544,2.0604444444444443,0.0,15,0,0,15
20260921,3,0.0,False,True,communication_guard,29,37704,2.6002758620689654,0.8013793103448276,31,0,0,31
20260921,3,0.0,False,True,tit_for_tat,30,38658,2.5772,0.8188,31,0,0,31
20260921,4,0.0,False,True,always_cooperate,23,29190,2.5382608695652173,1.0,23,0,0,23
20260921,4,0.0,False,True,always_defect,15,15620,2.082666666666667,0.0,12,0,0,12
20260921,4,0.0,False,True,communication_guard,31,41582,2.682709677419355,0.8406451612903226,33,0,0,33
20260921,4,0.0,False,True,tit_for_tat,31,41397,2.6707741935483873,0.8589032258064516,32,0,0,32
20260921,5,0.0,False,True,always_cooperate,23,30240,2.6295652173913044,1.0,23,0,0,23
20260921,5,0.0,False,True,always_defect,12,12548,2.0913333333333335,0.0,10,0,0,10
20260921,5,0.0,False,True,communication_guard,33,44356,2.688242424242424,0.8375757575757575,34,0,0,34
20260921,5,0.0,False,True,tit_for_tat,32,42624,2.664,0.856,33,0,0,33
20260921,6,0.0,False,True,always_cooperate,23,31110,2.705217391304348,1.0,23,0,0,23
20260921,6,0.0,False,True,always_defect,10,10372,2.0744,0.0,8,0,0,8
20260921,6,0.0,False,True,communication_guard,34,46868,2.7569411764705882,0.8741176470588236,35,0,0,35
20260921,6,0.0,False,True,tit_for_tat,33,44565,2.7009090909090907,0.8718181818181818,34,0,0,34
20260921,7,0.0,False,True,always_cooperate,23,31560,2.7443478260869565,1.0,23,0,0,23
20260921,7,0.0,False,True,always_defect,8,8600,2.15,0.0,6,0,0,6
20260921,7,0.0,False,True,communication_guard,35,49426,2.8243428571428573,0.9131428571428571,36,0,0,36
20260921,7,0.0,False,True,tit_for_tat,34,47871,2.8159411764705884,0.9211176470588235,35,0,0,35
20260921,8,0.0,False,True,always_cooperate,23,32610,2.8356521739130436,1.0,23,0,0,23
20260921,8,0.0,False,True,always_defect,6,6036,2.012,0.0,4,0,0,4
20260921,8,0.0,False,True,communication_guard,36,51424,2.856888888888889,0.9266666666666666,37,0,0,37
20260921,8,0.0,False,True,tit_for_tat,35,49875,2.85,0.9357142857142857,36,0,0,36
20260921,9,0.0,False,True,always_cooperate,23,33060,2.8747826086956523,1.0,23,0,0,23
20260921,9,0.0,False,True,always_defect,4,4268,2.134,0.0,3,0,0,3
20260921,9,0.0,False,True,communication_guard,37,53824,2.9094054054054053,0.952972972972973,38,0,0,38
20260921,9,0.0,False,True,tit_for_tat,36,52047,2.8915,0.9535,36,0,0,36
20260922,0,0.0,False,True,always_cooperate,25,27990,2.2392,1.0,24,0,0,24
20260922,0,0.0,False,True,always_defect,25,26556,2.12448,0.0,23,0,0,23
20260922,0,0.0,False,True,communication_guard,25,30102,2.40816,0.7016,26,0,0,26
20260922,0,0.0,False,True,tit_for_tat,25,31263,2.50104,0.78616,27,0,0,27
20260922,1,0.0,False,True,always_cooperate,24,27840,2.32,1.0,24,0,0,24
20260922,1,0.0,False,True,always_defect,23,23864,2.0751304347826087,0.0,21,0,0,21
20260922,1,0.0,False,True,communication_guard,26,31310,2.4084615384615384,0.6961538461538461,27,0,0,27
20260922,1,0.0,False,True,tit_for_tat,27,33024,2.446222222222222,0.7626666666666667,28,0,0,28
20260922,2,0.0,False,True,always_cooperate,24,28590,2.3825,1.0,24,0,0,24
20260922,2,0.0,False,True,always_defect,21,21948,2.0902857142857143,0.0,18,0,0,18
20260922,2,0.0,False,True,communication_guard,27,34162,2.5305185185185186,0.7637037037037037,29,0,0,29
20260922,2,0.0,False,True,tit_for_tat,28,34545,2.4675,0.7717857142857143,29,0,0,29
20260922,3,0.0,False,True,always_cooperate,24,29490,2.4575,1.0,24,0,0,24
20260922,3,0.0,False,True,always_defect,18,18888,2.0986666666666665,0.0,15,0,0,15
20260922,3,0.0,False,True,communication_guard,29,38056,2.6245517241379313,0.8131034482758621,31,0,0,31
20260922,3,0.0,False,True,tit_for_tat,29,37704,2.6002758620689654,0.8286896551724138,30,0,0,30
20260922,4,0.0,False,True,always_cooperate,24,30420,2.535,1.0,24,0,0,24
20260922,4,0.0,False,True,always_defect,15,15904,2.1205333333333334,0.0,13,0,0,13
20260922,4,0.0,False,True,communication_guard,31,41150,2.6548387096774193,0.8206451612903226,32,0,0,32
20260922,4,0.0,False,True,tit_for_tat,30,39309,2.6206,0.8374,31,0,0,31
20260922,5,0.0,False,True,always_cooperate,24,31140,2.595,1.0,24,0,0,24
20260922,5,0.0,False,True,always_defect,13,13972,2.1495384615384614,0.0,11,0,0,11
20260922,5,0.0,False,True,communication_guard,32,42792,2.6745,0.826875,34,0,0,34
20260922,5,0.0,False,True,tit_for_tat,31,39969,2.5786451612903227,0.8194193548387096,31,0,0,31
20260922,6,0.0,False,True,always_cooperate,24,31890,2.6575,1.0,24,0,0,24
20260922,6,0.0,False,True,always_defect,11,11824,2.1498181818181816,0.0,9,0,0,9
20260922,6,0.0,False,True,communication_guard,34,46640,2.743529411764706,0.8711764705882353,35,0,0,35
20260922,6,0.0,False,True,tit_for_tat,31,42384,2.734451612903226,0.8861935483870967,32,0,0,32
20260922,7,0.0,False,True,always_cooperate,24,32640,2.72,1.0,24,0,0,24
20260922,7,0.0,False,True,always_defect,9,9672,2.1493333333333333,0.0,7,0,0,7
20260922,7,0.0,False,True,communication_guard,35,48638,2.779314285714286,0.8868571428571429,36,0,0,36
20260922,7,0.0,False,True,tit_for_tat,32,44325,2.7703125,0.9015625,33,0,0,33
20260922,8,0.0,False,True,always_cooperate,24,33330,2.7775,1.0,24,0,0,24
20260922,8,0.0,False,True,always_defect,7,7540,2.1542857142857144,0.0,5,0,0,5
20260922,8,0.0,False,True,communication_guard,36,50858,2.8254444444444444,0.9077777777777778,37,0,0,37
20260922,8,0.0,False,True,tit_for_tat,33,46308,2.8065454545454545,0.9170909090909091,34,0,0,34
20260922,9,0.0,False,True,always_cooperate,24,33990,2.8325,1.0,24,0,0,24
20260922,9,0.0,False,True,always_defect,5,5488,2.1952,0.0,4,0,0,4
20260922,9,0.0,False,True,communication_guard,37,53612,2.897945945945946,0.9486486486486486,38,0,0,38
20260922,9,0.0,False,True,tit_for_tat,34,49320,2.9011764705882355,0.9576470588235294,34,0,0,34
20260923,0,0.0,False,True,always_cooperate,25,28380,2.2704,1.0,25,0,0,25
20260923,0,0.0,False,True,always_defect,25,26168,2.09344,0.0,23,0,0,23
20260923,0,0.0,False,True,communication_guard,25,29276,2.34208,0.6536,26,0,0,26
20260923,0,0.0,False,True,tit_for_tat,25,29499,2.35992,0.72568,26,0,0,26
20260923,1,0.0,False,True,always_cooperate,25,29220,2.3376,1.0,25,0,0,25
20260923,1,0.0,False,True,always_defect,23,24044,2.090782608695652,0.0,21,0,0,21
20260923,1,0.0,False,True,communication_guard,26,31950,2.457692307692308,0.7215384615384616,27,0,0,27
20260923,1,0.0,False,True,tit_for_tat,26,31629,2.433,0.757,27,0,0,27
20260923,2,0.0,False,True,always_cooperate,25,29400,2.352,1.0,24,0,0,24
20260923,2,0.0,False,True,always_defect,21,22688,2.160761904761905,0.0,19,0,0,19
20260923,2,0.0,False,True,communication_guard,27,34600,2.562962962962963,0.7859259259259259,29,0,0,29
20260923,2,0.0,False,True,tit_for_tat,27,34473,2.5535555555555556,0.8086666666666666,28,0,0,28
20260923,3,0.0,False,True,always_cooperate,24,28890,2.4075,1.0,24,0,0,24
20260923,3,0.0,False,True,always_defect,19,20164,2.122526315789474,0.0,16,0,0,16
20260923,3,0.0,False,True,communication_guard,29,37192,2.5649655172413794,0.7751724137931034,31,0,0,31
20260923,3,0.0,False,True,tit_for_tat,28,35301,2.5215,0.7949285714285714,29,0,0,29
20260923,4,0.0,False,True,always_cooperate,24,30030,2.5025,1.0,24,0,0,24
20260923,4,0.0,False,True,always_defect,16,16976,2.122,0.0,14,0,0,14
20260923,4,0.0,False,True,communication_guard,31,40026,2.5823225806451613,0.7780645161290323,32,0,0,32
20260923,4,0.0,False,True,tit_for_tat,29,36402,2.5104827586206895,0.7902068965517242,30,0,0,30
20260923,5,0.0,False,True,always_cooperate,24,30840,2.57,1.0,24,0,0,24
20260923,5,0.0,False,True,always_defect,14,15012,2.1445714285714286,0.0,12,0,0,12
20260923,5,0.0,False,True,communication_guard,32,42906,2.681625,0.841875,33,0,0,33
20260923,5,0.0,False,True,tit_for_tat,30,39708,2.6472,0.8488,31,0,0,31
20260923,6,0.0,False,True,always_cooperate,24,31830,2.6525,1.0,24,0,0,24
20260923,6,0.0,False,True,always_defect,12,12496,2.082666666666667,0.0,10,0,0,10
20260923,6,0.0,False,True,communication_guard,33,44236,2.680969696969697,0.8351515151515152,34,0,0,34
20260923,6,0.0,False,True,tit_for_tat,31,41397,2.6707741935483873,0.8589032258064516,32,0,0,32
20260923,7,0.0,False,True,always_cooperate,24,32070,2.6725,1.0,24,0,0,24
20260923,7,0.0,False,True,always_defect,10,10912,2.1824,0.0,8,0,0,8
20260923,7,0.0,False,True,communication_guard,34,46746,2.749764705882353,0.8694117647058823,35,0,0,35
20260923,7,0.0,False,True,tit_for_tat,32,43968,2.748,0.892,33,0,0,33
20260923,8,0.0,False,True,always_cooperate,24,32940,2.745,1.0,24,0,0,24
20260923,8,0.0,False,True,always_defect,8,8656,2.164,0.0,6,0,0,6
20260923,8,0.0,False,True,communication_guard,35,49826,2.8472,0.924,36,0,0,36
20260923,8,0.0,False,True,tit_for_tat,33,46602,2.8243636363636364,0.9247272727272727,34,0,0,34
20260923,9,0.0,False,True,always_cooperate,24,33570,2.7975,1.0,24,0,0,24
20260923,9,0.0,False,True,always_defect,6,6676,2.2253333333333334,0.0,5,0,0,5
20260923,9,0.0,False,True,communication_guard,36,51542,2.8634444444444442,0.93,37,0,0,37
20260923,9,0.0,False,True,tit_for_tat,34,48438,2.8492941176470588,0.9354117647058824,34,0,0,34
20260924,0,0.0,False,True,always_cooperate,25,28260,2.2608,1.0,25,0,0,25
20260924,0,0.0,False,True,always_defect,25,26400,2.112,0.0,23,0,0,23
20260924,0,0.0,False,True,communication_guard,25,29986,2.39888,0.692,26,0,0,26
20260924,0,0.0,False,True,tit_for_tat,25,29646,2.37168,0.73072,26,0,0,26
20260924,1,0.0,False,True,always_cooperate,25,28530,2.2824,1.0,24,0,0,24
20260924,1,0.0,False,True,always_defect,23,24892,2.1645217391304348,0.0,21,0,0,21
20260924,1,0.0,False,True,communication_guard,26,33032,2.540923076923077,0.7723076923076924,28,0,0,28
20260924,1,0.0,False,True,tit_for_tat,26,32469,2.4976153846153846,0.7846923076923077,27,0,0,27
20260924,2,0.0,False,True,always_cooperate,24,28200,2.35,1.0,24,0,0,24
20260924,2,0.0,False,True,always_defect,21,22096,2.1043809523809522,0.0,19,0,0,19
20260924,2,0.0,False,True,communication_guard,28,35146,2.5104285714285712,0.745,29,0,0,29
20260924,2,0.0,False,True,tit_for_tat,27,33402,2.474222222222222,0.7746666666666666,28,0,0,28
20260924,3,0.0,False,True,always_cooperate,24,28800,2.4,1.0,24,0,0,24
20260924,3,0.0,False,True,always_defect,19,20328,2.1397894736842105,0.0,17,0,0,17
20260924,3,0.0,False,True,communication_guard,29,36686,2.5300689655172413,0.7544827586206897,30,0,0,30
20260924,3,0.0,False,True,tit_for_tat,28,34629,2.4735,0.7743571428571429,29,0,0,29
20260924,4,0.0,False,True,always_cooperate,24,29700,2.475,1.0,24,0,0,24
20260924,4,0.0,False,True,always_defect,17,18260,2.1482352941176472,0.0,15,0,0,15
20260924,4,0.0,False,True,communication_guard,30,38962,2.5974666666666666,0.7986666666666666,31,0,0,31
20260924,4,0.0,False,True,tit_for_tat,29,36927,2.546689655172414,0.8057241379310345,30,0,0,30
20260924,5,0.0,False,True,always_cooperate,24,30720,2.56,1.0,25,0,0,25
20260924,5,0.0,False,True,always_defect,15,15620,2.082666666666667,0.0,12,0,0,12
20260924,5,0.0,False,True,communication_guard,31,40448,2.6095483870967744,0.7967741935483871,32,0,0,32
20260924,5,0.0,False,True,tit_for_tat,30,38763,2.5842,0.8218,31,0,0,31
20260924,6,0.0,False,True,always_cooperate,25,32640,2.6112,1.0,25,0,0,25
20260924,6,0.0,False,True,always_defect,12,13272,2.212,0.0,10,0,0,10
20260924,6,0.0,False,True,communication_guard,32,43140,2.69625,0.84125,33,0,0,33
20260924,6,0.0,False,True,tit_for_tat,31,41712,2.6910967741935483,0.8676129032258064,32,0,0,32
20260924,7,0.0,False,True,always_cooperate,25,33900,2.712,1.0,25,0,0,25
20260924,7,0.0,False,True,always_defect,10,10604,2.1208,0.0,8,0,0,8
20260924,7,0.0,False,True,communication_guard,33,46098,2.7938181818181818,0.8993939393939394,34,0,0,34
20260924,7,0.0,False,True,tit_for_tat,32,44367,2.7729375,0.9026875,33,0,0,33
20260924,8,0.0,False,True,always_cooperate,25,34290,2.7432,1.0,25,0,0,25
20260924,8,0.0,False,True,always_defect,8,8872,2.218,0.0,6,0,0,6
20260924,8,0.0,False,True,communication_guard,34,47880,2.816470588235294,0.9076470588235294,35,0,0,35
20260924,8,0.0,False,True,tit_for_tat,33,46392,2.8116363636363637,0.9192727272727272,34,0,0,34
20260924,9,0.0,False,True,always_cooperate,25,35430,2.8344,1.0,25,0,0,25
20260924,9,0.0,False,True,always_defect,6,6304,2.1013333333333333,0.0,4,0,0,4
20260924,9,0.0,False,True,communication_guard,35,50170,2.866857142857143,0.936,36,0,0,36
20260924,9,0.0,False,True,tit_for_tat,34,48774,2.8690588235294117,0.9438823529411765,35,0,0,35
20260925,0,0.0,False,True,always_cooperate,25,27600,2.208,1.0,24,0,0,24
20260925,0,0.0,False,True,always_defect,25,27216,2.17728,0.0,23,0,0,23
20260925,0,0.0,False,True,communication_guard,25,30802,2.46416,0.7288,27,0,0,27
20260925,0,0.0,False,True,tit_for_tat,25,30318,2.42544,0.75376,26,0,0,26
20260925,1,0.0,False,True,always_cooperate,24,27300,2.275,1.0,24,0,0,24
20260925,1,0.0,False,True,always_defect,23,24400,2.121739130434783,0.0,21,0,0,21
20260925,1,0.0,False,True,communication_guard,27,32672,2.420148148148148,0.6948148148148148,28,0,0,28
20260925,1,0.0,False,True,tit_for_tat,26,30852,2.3732307692307693,0.7313846153846154,27,0,0,27
20260925,2,0.0,False,True,always_cooperate,24,27900,2.325,1.0,24,0,0,24
20260925,2,0.0,False,True,always_defect,21,22716,2.1634285714285713,0.0,19,0,0,19
20260925,2,0.0,False,True,communication_guard,28,34506,2.464714285714286,0.7185714285714285,30,0,0,30
20260925,2,0.0,False,True,tit_for_tat,27,32037,2.373111111111111,0.7313333333333333,27,0,0,27
20260925,3,0.0,False,True,always_cooperate,24,28920,2.41,1.0,24,0,0,24
20260925,3,0.0,False,True,always_defect,19,20264,2.1330526315789475,0.0,17,0,0,17
20260925,3,0.0,False,True,communication_guard,30,38372,2.558133333333333,0.7766666666666666,31,0,0,31
20260925,3,0.0,False,True,tit_for_tat,27,33591,2.4882222222222223,0.7806666666666666,28,0,0,28
20260925,4,0.0,False,True,always_cooperate,24,30030,2.5025,1.0,25,0,0,25
20260925,4,0.0,False,True,always_defect,17,17648,2.076235294117647,0.0,14,0,0,14
20260925,4,0.0,False,True,communication_guard,31,39598,2.5547096774193547,0.7677419354838709,32,0,0,32
20260925,4,0.0,False,True,tit_for_tat,28,35406,2.529,0.7981428571428572,29,0,0,29
20260925,5,0.0,False,True,always_cooperate,25,32070,2.5656,1.0,25,0,0,25
20260925,5,0.0,False,True,always_defect,14,15152,2.1645714285714286,0.0,12,0,0,12
20260925,5,0.0,False,True,communication_guard,32,42482,2.655125,0.823125,33,0,0,33
20260925,5,0.0,False,True,tit_for_tat,29,38649,2.665448275862069,0.8566206896551725,30,0,0,30
20260925,6,0.0,False,True,always_cooperate,25,33450,2.676,1.0,26,0,0,26
20260925,6,0.0,False,True,always_defect,12,12344,2.0573333333333332,0.0,9,0,0,9
20260925,6,0.0,False,True,communication_guard,33,45286,2.7446060606060607,0.8751515151515151,34,0,0,34
20260925,6,0.0,False,True,tit_for_tat,30,40800,2.72,0.88,31,0,0,31
20260925,7,0.0,False,True,always_cooperate,26,35100,2.7,1.0,26,0,0,26
20260925,7,0.0,False,True,always_defect,9,10328,2.2951111111111113,0.0,7,0,0,7
20260925,7,0.0,False,True,communication_guard,34,47480,2.7929411764705883,0.8958823529411765,35,0,0,35
20260925,7,0.0,False,True,tit_for_tat,31,43203,2.7872903225806454,0.9088387096774193,32,0,0,32
20260925,8,0.0,False,True,always_cooperate,26,36180,2.7830769230769232,1.0,26,0,0,26
20260925,8,0.0,False,True,always_defect,7,7816,2.233142857142857,0.0,5,0,0,5
20260925,8,0.0,False,True,communication_guard,35,49878,2.8501714285714286,0.9262857142857143,36,0,0,36
20260925,8,0.0,False,True,tit_for_tat,32,45564,2.84775,0.93475,33,0,0,33
20260925,9,0.0,False,True,always_cooperate,26,37200,2.8615384615384616,1.0,26,0,0,26
20260925,9,0.0,False,True,always_defect,5,5308,2.1232,0.0,4,0,0,4
20260925,9,0.0,False,True,communication_guard,36,51844,2.8802222222222222,0.9388888888888889,37,0,0,37
20260925,9,0.0,False,True,tit_for_tat,33,47232,2.8625454545454545,0.9410909090909091,33,0,0,33
20260926,0,0.0,False,True,always_cooperate,25,27870,2.2296,1.0,25,0,0,25
20260926,0,0.0,False,True,always_defect,25,26836,2.14688,0.0,24,0,0,24
20260926,0,0.0,False,True,communication_guard,25,29448,2.35584,0.6616,26,0,0,26
20260926,0,0.0,False,True,tit_for_tat,25,28764,2.30112,0.70048,25,0,0,25
20260926,1,0.0,False,True,always_cooperate,25,28110,2.2488,1.0,25,0,0,25
20260926,1,0.0,False,True,always_defect,24,25944,2.162,0.0,23,0,0,23
20260926,1,0.0,False,True,communication_guard,26,29326,2.255846153846154,0.59,27,0,0,27
20260926,1,0.0,False,True,tit_for_tat,25,28155,2.2524,0.6796,25,0,0,25
20260926,2,0.0,False,True,always_cooperate,25,28590,2.2872,1.0,24,0,0,24
20260926,2,0.0,False,True,always_defect,23,24860,2.161739130434783,0.0,21,0,0,21
20260926,2,0.0,False,True,communication_guard,27,33382,2.4727407407407407,0.7333333333333333,29,0,0,29
20260926,2,0.0,False,True,tit_for_tat,25,30192,2.41536,0.74944,26,0,0,26
20260926,3,0.0,False,True,always_cooperate,24,28560,2.38,1.0,24,0,0,24
20260926,3,0.0,False,True,always_defect,21,21784,2.074666666666667,0.0,19,0,0,19
20260926,3,0.0,False,True,communication_guard,29,35452,2.4449655172413793,0.7110344827586207,30,0,0,30
20260926,3,0.0,False,True,tit_for_tat,26,31881,2.452384615384615,0.7653076923076924,27,0,0,27
20260926,4,0.0,False,True,always_cooperate,24,29160,2.43,1.0,24,0,0,24
20260926,4,0.0,False,True,always_defect,19,19828,2.0871578947368423,0.0,17,0,0,17
20260926,4,0.0,False,True,communication_guard,30,37420,2.494666666666667,0.7326666666666667,31,0,0,31
20260926,4,0.0,False,True,tit_for_tat,27,33633,2.4913333333333334,0.782,28,0,0,28
20260926,5,0.0,False,True,always_cooperate,24,29970,2.4975,1.0,24,0,0,24
20260926,5,0.0,False,True,always_defect,17,17768,2.0903529411764707,0.0,14,0,0,14
20260926,5,0.0,False,True,communication_guard,31,40948,2.6418064516129034,0.8225806451612904,33,0,0,33
20260926,5,0.0,False,True,tit_for_tat,28,36456,2.604,0.8302857142857143,29,0,0,29
20260926,6,0.0,False,True,always_cooperate,24,30660,2.555,1.0,24,0,0,24
20260926,6,0.0,False,True,always_defect,14,15112,2.158857142857143,0.0,12,0,0,12
20260926,6,0.0,False,True,communication_guard,33,43360,2.627878787878788,0.8054545454545454,34,0,0,34
20260926,6,0.0,False,True,tit_for_tat,29,37347,2.5756551724137933,0.8181379310344827,30,0,0,30
20260926,7,0.0,False,True,always_cooperate,24,31470,2.6225,1.0,24,0,0,24
20260926,7,0.0,False,True,always_defect,12,12836,2.1393333333333335,0.0,10,0,0,10
20260926,7,0.0,False,True,communication_guard,34,46478,2.734,0.8670588235294118,35,0,0,35
20260926,7,0.0,False,True,tit_for_tat,30,41304,2.7536,0.8944,31,0,0,31
20260926,8,0.0,False,True,always_cooperate,24,32580,2.715,1.0,24,0,0,24
20260926,8,0.0,False,True,always_defect,10,10300,2.06,0.0,8,0,0,8
20260926,8,0.0,False,True,communication_guard,35,48482,2.7704,0.8828571428571429,36,0,0,36
20260926,8,0.0,False,True,tit_for_tat,31,42342,2.731741935483871,0.8850322580645161,32,0,0,32
20260926,9,0.0,False,True,always_cooperate,24,33570,2.7975,1.0,24,0,0,24
20260926,9,0.0,False,True,always_defect,8,7896,1.974,0.0,6,0,0,6
20260926,9,0.0,False,True,communication_guard,36,50728,2.8182222222222224,0.91,37,0,0,37
20260926,9,0.0,False,True,tit_for_tat,32,45039,2.8149375,0.9206875,33,0,0,33
20260927,0,0.0,False,True,always_cooperate,25,27780,2.2224,1.0,25,0,0,25
20260927,0,0.0,False,True,always_defect,25,26968,2.15744,0.0,24,0,0,24
20260927,0,0.0,False,True,communication_guard,25,28174,2.25392,0.5888,26,0,0,26
20260927,0,0.0,False,True,tit_for_tat,25,27987,2.23896,0.67384,25,0,0,25
20260927,1,0.0,False,True,always_cooperate,25,28200,2.256,1.0,24,0,0,24
20260927,1,0.0,False,True,always_defect,24,25932,2.161,0.0,23,0,0,23
20260927,1,0.0,False,True,communication_guard,26,31560,2.4276923076923076,0.7069230769230769,27,0,0,27
20260927,1,0.0,False,True,tit_for_tat,25,29667,2.37336,0.73144,26,0,0,26
20260927,2,0.0,False,True,always_cooperate,24,27870,2.3225,1.0,24,0,0,24
20260927,2,0.0,False,True,always_defect,23,23804,2.0699130434782607,0.0,21,0,0,21
20260927,2,0.0,False,True,communication_guard,27,32472,2.4053333333333335,0.6918518518518518,28,0,0,28
20260927,2,0.0,False,True,tit_for_tat,26,31461,2.4200769230769232,0.7514615384615385,27,0,0,27
20260927,3,0.0,False,True,always_cooperate,24,28440,2.37,1.0,24,0,0,24
20260927,3,0.0,False,True,always_defect,21,21964,2.091809523809524,0.0,19,0,0,19
20260927,3,0.0,False,True,communication_guard,28,34380,2.4557142857142855,0.7114285714285714,29,0,0,29
20260927,3,0.0,False,True,tit_for_tat,27,33024,2.446222222222222,0.7626666666666667,28,0,0,28
20260927,4,0.0,False,True,always_cooperate,24,29100,2.425,1.0,24,0,0,24
20260927,4,0.0,False,True,always_defect,19,20040,2.1094736842105264,0.0,16,0,0,16
20260927,4,0.0,False,True,communication_guard,29,37584,2.592,0.7972413793103448,31,0,0,31
20260927,4,0.0,False,True,tit_for_tat,28,35784,2.556,0.8097142857142857,29,0,0,29
20260927,5,0.0,False,True,always_cooperate,24,30090,2.5075,1.0,24,0,0,24
20260927,5,0.0,False,True,always_defect,16,17076,2.1345,0.0,14,0,0,14
20260927,5,0.0,False,True,communication_guard,31,40012,2.58141935483871,0.7845161290322581,32,0,0,32
20260927,5,0.0,False,True,tit_for_tat,29,36843,2.540896551724138,0.8032413793103448,30,0,0,30
20260927,6,0.0,False,True,always_cooperate,24,30630,2.5525,1.0,24,0,0,24
20260927,6,0.0,False,True,always_defect,14,15084,2.154857142857143,0.0,12,0,0,12
20260927,6,0.0,False,True,communication_guard,32,43074,2.692125,0.844375,33,0,0,33
20260927,6,0.0,False,True,tit_for_tat,30,40443,2.6962,0.8698,31,0,0,31
20260927,7,0.0,False,True,always_cooperate,24,31800,2.65,1.0,24,0,0,24
20260927,7,0.0,False,True,always_defect,12,12500,2.0833333333333335,0.0,10,0,0,10
20260927,7,0.0,False,True,communication_guard,33,44972,2.7255757575757578,0.8606060606060606,34,0,0,34
20260927,7,0.0,False,True,tit_for_tat,31,41712,2.6910967741935483,0.8676129032258064,32,0,0,32
20260927,8,0.0,False,True,always_cooperate,24,32940,2.745,1.0,25,0,0,25
20260927,8,0.0,False,True,always_defect,10,9820,1.964,0.0,7,0,0,7
20260927,8,0.0,False,True,communication_guard,34,46918,2.7598823529411765,0.8805882352941177,35,0,0,35
20260927,8,0.0,False,True,tit_for_tat,32,44598,2.787375,0.908875,33,0,0,33
20260927,9,0.0,False,True,always_cooperate,25,34500,2.76,1.0,25,0,0,25
20260927,9,0.0,False,True,always_defect,7,8064,2.304,0.0,6,0,0,6
20260927,9,0.0,False,True,communication_guard,35,50410,2.880571428571429,0.9417142857142857,36,0,0,36
20260927,9,0.0,False,True,tit_for_tat,33,46959,2.846,0.934,33,0,0,33
20260928,0,0.0,False,True,always_cooperate,25,27660,2.2128,1.0,24,0,0,24
20260928,0,0.0,False,True,always_defect,25,27200,2.176,0.0,24,0,0,24
20260928,0,0.0,False,True,communication_guard,25,30004,2.40032,0.6912,26,0,0,26
20260928,0,0.0,False,True,tit_for_tat,25,29184,2.33472,0.71488,26,0,0,26
20260928,1,0.0,False,True,always_cooperate,24,27450,2.2875,1.0,24,0,0,24
20260928,1,0.0,False,True,always_defect,24,24948,2.079,0.0,22,0,0,22
20260928,1,0.0,False,True,communication_guard,26,30684,2.360307692307692,0.666923076923077,27,0,0,27
20260928,1,0.0,False,True,tit_for_tat,26,31272,2.4055384615384616,0.7452307692307693,27,0,0,27
20260928,2,0.0,False,True,always_cooperate,24,28200,2.35,1.0,24,0,0,24
20260928,2,0.0,False,True,always_defect,22,22832,2.0756363636363635,0.0,20,0,0,20
20260928,2,0.0,False,True,communication_guard,27,33154,2.4558518518518517,0.7140740740740741,28,0,0,28
20260928,2,0.0,False,True,tit_for_tat,27,32751,2.426,0.754,28,0,0,28
20260928,3,0.0,False,True,always_cooperate,24,28710,2.3925,1.0,24,0,0,24
20260928,3,0.0,False,True,always_defect,20,21128,2.1128,0.0,17,0,0,17
20260928,3,0.0,False,True,communication_guard,28,35784,2.556,0.7764285714285715,30,0,0,30
20260928,3,0.0,False,True,tit_for_tat,28,35112,2.508,0.7891428571428571,29,0,0,29
20260928,4,0.0,False,True,always_cooperate,24,29760,2.48,1.0,24,0,0,24
20260928,4,0.0,False,True,always_defect,17,18116,2.131294117647059,0.0,15,0,0,15
20260928,4,0.0,False,True,communication_guard,30,38442,2.5628,0.7753333333333333,31,0,0,31
20260928,4,0.0,False,True,tit_for_tat,29,36528,2.5191724137931035,0.7939310344827586,30,0,0,30
20260928,5,0.0,False,True,always_cooperate,24,30270,2.5225,1.0,24,0,0,24
20260928,5,0.0,False,True,always_defect,15,16120,2.1493333333333333,0.0,13,0,0,13
20260928,5,0.0,False,True,communication_guard,31,40726,2.6274838709677417,0.8058064516129032,32,0,0,32
20260928,5,0.0,False,True,tit_for_tat,30,39351,2.6234,0.8386,31,0,0,31
20260928,6,0.0,False,True,always_cooperate,24,31260,2.605,1.0,24,0,0,24
20260928,6,0.0,False,True,always_defect,13,13812,2.124923076923077,0.0,11,0,0,11
20260928,6,0.0,False,True,communication_guard,32,43152,2.697,0.846875,33,0,0,33
20260928,6,0.0,False,True,tit_for_tat,31,41439,2.673483870967742,0.8600645161290322,32,0,0,32
20260928,7,0.0,False,True,always_cooperate,24,32580,2.715,1.0,25,0,0,25
20260928,7,0.0,False,True,always_defect,11,10920,1.9854545454545454,0.0,8,0,0,8
20260928,7,0.0,False,True,communication_guard,33,45268,2.7435151515151515,0.8727272727272727,34,0,0,34
20260928,7,0.0,False,True,tit_for_tat,32,44178,2.761125,0.897625,33,0,0,33
20260928,8,0.0,False,True,always_cooperate,25,34200,2.736,1.0,25,0,0,25
20260928,8,0.0,False,True,always_defect,8,9076,2.269,0.0,6,0,0,6
20260928,8,0.0,False,True,communication_guard,34,48460,2.8505882352941176,0.9276470588235294,35,0,0,35
20260928,8,0.0,False,True,tit_for_tat,33,46581,2.823090909090909,0.9241818181818182,34,0,0,34
20260928,9,0.0,False,True,always_cooperate,25,34860,2.7888,1.0,25,0,0,25
20260928,9,0.0,False,True,always_defect,6,7004,2.3346666666666667,0.0,5,0,0,5
20260928,9,0.0,False,True,communication_guard,35,50120,2.864,0.9297142857142857,36,0,0,36
20260928,9,0.0,False,True,tit_for_tat,34,48249,2.8381764705882353,0.9306470588235294,34,0,0,34
20260929,0,0.0,False,True,always_cooperate,25,28500,2.28,1.0,25,0,0,25
20260929,0,0.0,False,True,always_defect,25,26072,2.08576,0.0,23,0,0,23
20260929,0,0.0,False,True,communication_guard,25,28958,2.31664,0.644,26,0,0,26
20260929,0,0.0,False,True,tit_for_tat,25,29310,2.3448,0.7192,26,0,0,26
20260929,1,0.0,False,True,always_cooperate,25,28860,2.3088,1.0,25,0,0,25
20260929,1,0.0,False,True,always_defect,23,24484,2.1290434782608694,0.0,21,0,0,21
20260929,1,0.0,False,True,communication_guard,26,31328,2.409846153846154,0.6892307692307692,27,0,0,27
20260929,1,0.0,False,True,tit_for_tat,26,30852,2.3732307692307693,0.7313846153846154,27,0,0,27
20260929,2,0.0,False,True,always_cooperate,25,29670,2.3736,1.0,25,0,0,25
20260929,2,0.0,False,True,always_defect,21,22440,2.137142857142857,0.0,19,0,0,19
20260929,2,0.0,False,True,communication_guard,27,33956,2.5152592592592593,0.7555555555555555,28,0,0,28
20260929,2,0.0,False,True,tit_for_tat,27,33381,2.4726666666666666,0.774,28,0,0,28
20260929,3,0.0,False,True,always_cooperate,25,30150,2.412,1.0,25,0,0,25
20260929,3,0.0,False,True,always_defect,19,20684,2.177263157894737,0.0,17,0,0,17
20260929,3,0.0,False,True,communication_guard,28,35232,2.5165714285714285,0.7514285714285714,29,0,0,29
20260929,3,0.0,False,True,tit_for_tat,28,34671,2.4765,0.7756428571428572,29,0,0,29
20260929,4,0.0,False,True,always_cooperate,25,30540,2.4432,1.0,25,0,0,25
20260929,4,0.0,False,True,always_defect,17,18844,2.216941176470588,0.0,15,0,0,15
20260929,4,0.0,False,True,communication_guard,29,37496,2.5859310344827584,0.783448275862069,30,0,0,30
20260929,4,0.0,False,True,tit_for_tat,29,37200,2.56551724137931,0.8137931034482758,30,0,0,30
20260929,5,0.0,False,True,always_cooperate,25,31470,2.5176,1.0,25,0,0,25
20260929,5,0.0,False,True,always_defect,15,16584,2.2112,0.0,13,0,0,13
20260929,5,0.0,False,True,communication_guard,30,40038,2.6692,0.8346666666666667,31,0,0,31
20260929,5,0.0,False,True,tit_for_tat,30,39792,2.6528,0.8512,31,0,0,31
20260929,6,0.0,False,True,always_cooperate,25,32940,2.6352,1.0,25,0,0,25
20260929,6,0.0,False,True,always_defect,13,13612,2.094153846153846,0.0,11,0,0,11
20260929,6,0.0,False,True,communication_guard,31,41960,2.7070967741935483,0.8548387096774194,32,0,0,32
20260929,6,0.0,False,True,tit_for_tat,31,41817,2.6978709677419355,0.8705161290322581,32,0,0,32
20260929,7,0.0,False,True,always_cooperate,25,32850,2.628,1.0,25,0,0,25
20260929,7,0.0,False,True,always_defect,11,12644,2.298909090909091,0.0,9,0,0,9
20260929,7,0.0,False,True,communication_guard,32,44438,2.777375,0.89375,33,0,0,33
20260929,7,0.0,False,True,tit_for_tat,32,44262,2.766375,0.899875,33,0,0,33
20260929,8,0.0,False,True,always_cooperate,25,33600,2.688,1.0,25,0,0,25
20260929,8,0.0,False,True,always_defect,9,10412,2.3137777777777777,0.0,7,0,0,7
20260929,8,0.0,False,True,communication_guard,33,46232,2.801939393939394,0.9,34,0,0,34
20260929,8,0.0,False,True,tit_for_tat,33,45909,2.782363636363636,0.9067272727272727,34,0,0,34
20260929,9,0.0,False,True,always_cooperate,25,34770,2.7816,1.0,25,0,0,25
20260929,9,0.0,False,True,always_defect,7,7740,2.2114285714285713,0.0,5,0,0,5
20260929,9,0.0,False,True,communication_guard,34,48500,2.8529411764705883,0.928235294117647,35,0,0,35
20260929,9,0.0,False,True,tit_for_tat,34,48375,2.8455882352941178,0.9338235294117647,35,0,0,35
20260930,0,0.0,False,True,always_cooperate,25,28200,2.256,1.0,25,0,0,25
20260930,0,0.0,False,True,always_defect,25,26388,2.11104,0.0,23,0,0,23
20260930,0,0.0,False,True,communication_guard,25,29678,2.37424,0.6648,26,0,0,26
20260930,0,0.0,False,True,tit_for_tat,25,28806,2.30448,0.70192,26,0,0,26
20260930,1,0.0,False,True,always_cooperate,25,28860,2.3088,1.0,25,0,0,25
20260930,1,0.0,False,True,always_defect,23,24628,2.1415652173913045,0.0,21,0,0,21
20260930,1,0.0,False,True,communication_guard,26,31680,2.436923076923077,0.713076923076923,27,0,0,27
20260930,1,0.0,False,True,tit_for_tat,26,31293,2.407153846153846,0.7459230769230769,27,0,0,27
20260930,2,0.0,False,True,always_cooperate,25,29430,2.3544,1.0,25,0,0,25
20260930,2,0.0,False,True,always_defect,21,22680,2.16,0.0,19,0,0,19
20260930,2,0.0,False,True,communication_guard,27,33184,2.458074074074074,0.7162962962962963,28,0,0,28
20260930,2,0.0,False,True,tit_for_tat,27,32394,2.3995555555555557,0.7426666666666667,28,0,0,28
20260930,3,0.0,False,True,always_cooperate,25,29880,2.3904,1.0,25,0,0,25
20260930,3,0.0,False,True,always_defect,19,20828,2.192421052631579,0.0,17,0,0,17
20260930,3,0.0,False,True,communication_guard,28,35318,2.5227142857142857,0.75,29,0,0,29
20260930,3,0.0,False,True,tit_for_tat,28,35301,2.5215,0.7949285714285714,29,0,0,29
20260930,4,0.0,False,True,always_cooperate,25,30720,2.4576,1.0,25,0,0,25
20260930,4,0.0,False,True,always_defect,17,18616,2.1901176470588237,0.0,15,0,0,15
20260930,4,0.0,False,True,communication_guard,29,37864,2.611310344827586,0.8027586206896552,30,0,0,30
20260930,4,0.0,False,True,tit_for_tat,29,37830,2.6089655172413795,0.8324137931034483,30,0,0,30
20260930,5,0.0,False,True,always_cooperate,25,32130,2.5704,1.0,25,0,0,25
20260930,5,0.0,False,True,always_defect,15,15776,2.103466666666667,0.0,13,0,0,13
20260930,5,0.0,False,True,communication_guard,30,39606,2.6404,0.818,31,0,0,31
20260930,5,0.0,False,True,tit_for_tat,30,39477,2.6318,0.8422,31,0,0,31
20260930,6,0.0,False,True,always_cooperate,25,32280,2.5824,1.0,25,0,0,25
20260930,6,0.0,False,True,always_defect,13,14532,2.235692307692308,0.0,11,0,0,11
20260930,6,0.0,False,True,communication_guard,31,42300,2.729032258064516,0.8703225806451613,32,0,0,32
20260930,6,0.0,False,True,tit_for_tat,31,42237,2.724967741935484,0.8821290322580645,32,0,0,32
20260930,7,0.0,False,True,always_cooperate,25,32850,2.628,1.0,25,0,0,25
20260930,7,0.0,False,True,always_defect,11,12552,2.2821818181818183,0.0,9,0,0,9
20260930,7,0.0,False,True,communication_guard,32,43988,2.74925,0.874375,33,0,0,33
20260930,7,0.0,False,True,tit_for_tat,32,43800,2.7375,0.8875,33,0,0,33
20260930,8,0.0,False,True,always_cooperate,25,34140,2.7312,1.0,25,0,0,25
20260930,8,0.0,False,True,always_defect,9,9744,2.1653333333333333,0.0,7,0,0,7
20260930,8,0.0,False,True,communication_guard,33,46466,2.816121212121212,0.9103030303030303,34,0,0,34
20260930,8,0.0,False,True,tit_for_tat,33,46245,2.8027272727272727,0.9154545454545454,34,0,0,34
20260930,9,0.0,False,True,always_cooperate,25,34920,2.7936,1.0,25,0,0,25
20260930,9,0.0,False,True,always_defect,7,7532,2.152,0.0,6,0,0,6
20260930,9,0.0,False,True,communication_guard,34,47462,2.7918823529411765,0.8911764705882353,35,0,0,35
20260930,9,0.0,False,True,tit_for_tat,34,47304,2.7825882352941176,0.9068235294117647,34,0,0,34
