replicate_seed,generation,mutation_rate,reputation_enabled,communication_enabled,memory_window,policy,count,payoff,average_payoff_per_round,cooperation_rate,selected_count,mutations_in,mutations_out,next_count
20260921,0,0.0,False,False,2,always_cooperate,20,24420,2.442,1.0,20,0,0,20
20260921,0,0.0,False,False,2,always_defect,20,23876,2.3876,0.0,19,0,0,19
20260921,0,0.0,False,False,2,forgiving_tit_for_tat,20,25886,2.5886,0.8504,21,0,0,21
20260921,0,0.0,False,False,2,pavlov,20,24975,2.4975,0.8995,20,0,0,20
20260921,0,0.0,False,False,2,tit_for_tat,20,25170,2.517,0.793,20,0,0,20
20260921,1,0.0,False,False,2,always_cooperate,20,23880,2.388,1.0,19,0,0,19
20260921,1,0.0,False,False,2,always_defect,19,23652,2.489684210526316,0.0,19,0,0,19
20260921,1,0.0,False,False,2,forgiving_tit_for_tat,21,26704,2.5432380952380953,0.8339047619047619,21,0,0,21
20260921,1,0.0,False,False,2,pavlov,20,25575,2.5575,0.9115,20,0,0,20
20260921,1,0.0,False,False,2,tit_for_tat,20,26283,2.6283,0.8407,21,0,0,21
20260921,2,0.0,False,False,2,always_cooperate,19,23250,2.4473684210526314,1.0,18,0,0,18
20260921,2,0.0,False,False,2,always_defect,19,23036,2.4248421052631577,0.0,18,0,0,18
20260921,2,0.0,False,False,2,forgiving_tit_for_tat,21,27122,2.583047619047619,0.8483809523809523,22,0,0,22
20260921,2,0.0,False,False,2,pavlov,20,24875,2.4875,0.8975,20,0,0,20
20260921,2,0.0,False,False,2,tit_for_tat,21,27069,2.578,0.8191428571428572,22,0,0,22
20260921,3,0.0,False,False,2,always_cooperate,18,21900,2.433333333333333,1.0,17,0,0,17
20260921,3,0.0,False,False,2,always_defect,18,21908,2.434222222222222,0.0,17,0,0,17
20260921,3,0.0,False,False,2,forgiving_tit_for_tat,22,28578,2.598,0.8538181818181818,23,0,0,23
20260921,3,0.0,False,False,2,pavlov,20,25350,2.535,0.907,20,0,0,20
20260921,3,0.0,False,False,2,tit_for_tat,22,28905,2.627727272727273,0.8404545454545455,23,0,0,23
20260921,4,0.0,False,False,2,always_cooperate,17,21000,2.4705882352941178,1.0,16,0,0,16
20260921,4,0.0,False,False,2,always_defect,17,20256,2.383058823529412,0.0,16,0,0,16
20260921,4,0.0,False,False,2,forgiving_tit_for_tat,23,29946,2.604,0.856,24,0,0,24
20260921,4,0.0,False,False,2,pavlov,20,25825,2.5825,0.9165,20,0,0,20
20260921,4,0.0,False,False,2,tit_for_tat,23,30510,2.6530434782608694,0.851304347826087,24,0,0,24
20260921,5,0.0,False,False,2,always_cooperate,16,20040,2.505,1.0,16,0,0,16
20260921,5,0.0,False,False,2,always_defect,16,18680,2.335,0.0,14,0,0,14
20260921,5,0.0,False,False,2,forgiving_tit_for_tat,24,31864,2.6553333333333335,0.8746666666666667,25,0,0,25
20260921,5,0.0,False,False,2,pavlov,20,26075,2.6075,0.9215,20,0,0,20
20260921,5,0.0,False,False,2,tit_for_tat,24,32031,2.66925,0.85825,25,0,0,25
20260921,6,0.0,False,False,2,always_cooperate,16,20130,2.51625,1.0,15,0,0,15
20260921,6,0.0,False,False,2,always_defect,14,16968,2.424,0.0,13,0,0,13
20260921,6,0.0,False,False,2,forgiving_tit_for_tat,25,33694,2.69552,0.88928,26,0,0,26
20260921,6,0.0,False,False,2,pavlov,20,26625,2.6625,0.9325,20,0,0,20
20260921,6,0.0,False,False,2,tit_for_tat,25,33699,2.69592,0.86968,26,0,0,26
20260921,7,0.0,False,False,2,always_cooperate,15,19530,2.604,1.0,15,0,0,15
20260921,7,0.0,False,False,2,always_defect,13,15076,2.3193846153846156,0.0,11,0,0,11
20260921,7,0.0,False,False,2,forgiving_tit_for_tat,26,34886,2.6835384615384617,0.8849230769230769,27,0,0,27
20260921,7,0.0,False,False,2,pavlov,20,26900,2.69,0.938,20,0,0,20
20260921,7,0.0,False,False,2,tit_for_tat,26,35640,2.7415384615384615,0.8892307692307693,27,0,0,27
20260921,8,0.0,False,False,2,always_cooperate,15,19740,2.632,1.0,15,0,0,15
20260921,8,0.0,False,False,2,always_defect,11,13244,2.408,0.0,10,0,0,10
20260921,8,0.0,False,False,2,forgiving_tit_for_tat,27,37244,2.758814814814815,0.9122962962962963,27,0,0,27
20260921,8,0.0,False,False,2,pavlov,20,27175,2.7175,0.9435,20,0,0,20
20260921,8,0.0,False,False,2,tit_for_tat,27,37245,2.758888888888889,0.8966666666666666,28,0,0,28
20260921,9,0.0,False,False,2,always_cooperate,15,20100,2.68,1.0,15,0,0,15
20260921,9,0.0,False,False,2,always_defect,10,11780,2.356,0.0,8,0,0,8
20260921,9,0.0,False,False,2,forgiving_tit_for_tat,27,37662,2.7897777777777777,0.9235555555555556,28,0,0,28
20260921,9,0.0,False,False,2,pavlov,20,27525,2.7525,0.9505,20,0,0,20
20260921,9,0.0,False,False,2,tit_for_tat,28,39018,2.787,0.9087142857142857,29,0,0,29
20260922,0,0.0,False,False,2,always_cooperate,20,23700,2.37,1.0,19,0,0,19
20260922,0,0.0,False,False,2,always_defect,20,24640,2.464,0.0,20,0,0,20
20260922,0,0.0,False,False,2,forgiving_tit_for_tat,20,25248,2.5248,0.8272,20,0,0,20
20260922,0,0.0,False,False,2,pavlov,20,25300,2.53,0.906,20,0,0,20
20260922,0,0.0,False,False,2,tit_for_tat,20,26052,2.6052,0.8308,21,0,0,21
20260922,1,0.0,False,False,2,always_cooperate,19,22920,2.4126315789473685,1.0,18,0,0,18
20260922,1,0.0,False,False,2,always_defect,20,24096,2.4096,0.0,19,0,0,19
20260922,1,0.0,False,False,2,forgiving_tit_for_tat,20,25644,2.5644,0.8416,21,0,0,21
20260922,1,0.0,False,False,2,pavlov,20,24775,2.4775,0.8955,20,0,0,20
20260922,1,0.0,False,False,2,tit_for_tat,21,26817,2.554,0.8088571428571428,22,0,0,22
20260922,2,0.0,False,False,2,always_cooperate,18,21660,2.4066666666666667,1.0,17,0,0,17
20260922,2,0.0,False,False,2,always_defect,19,22944,2.415157894736842,0.0,18,0,0,18
20260922,2,0.0,False,False,2,forgiving_tit_for_tat,21,27122,2.583047619047619,0.8483809523809523,22,0,0,22
20260922,2,0.0,False,False,2,pavlov,20,25125,2.5125,0.9025,20,0,0,20
20260922,2,0.0,False,False,2,tit_for_tat,22,28632,2.602909090909091,0.8298181818181818,23,0,0,23
20260922,3,0.0,False,False,2,always_cooperate,17,20670,2.431764705882353,1.0,16,0,0,16
20260922,3,0.0,False,False,2,always_defect,18,21472,2.3857777777777778,0.0,17,0,0,17
20260922,3,0.0,False,False,2,forgiving_tit_for_tat,22,28402,2.582,0.848,23,0,0,23
20260922,3,0.0,False,False,2,pavlov,20,25525,2.5525,0.9105,20,0,0,20
20260922,3,0.0,False,False,2,tit_for_tat,23,30405,2.643913043478261,0.8473913043478261,24,0,0,24
20260922,4,0.0,False,False,2,always_cooperate,16,19800,2.475,1.0,16,0,0,16
20260922,4,0.0,False,False,2,always_defect,17,19760,2.324705882352941,0.0,15,0,0,15
20260922,4,0.0,False,False,2,forgiving_tit_for_tat,23,30298,2.6346086956521737,0.8671304347826087,24,0,0,24
20260922,4,0.0,False,False,2,pavlov,20,25825,2.5825,0.9165,20,0,0,20
20260922,4,0.0,False,False,2,tit_for_tat,24,31842,2.6535,0.8515,25,0,0,25
20260922,5,0.0,False,False,2,always_cooperate,16,19890,2.48625,1.0,15,0,0,15
20260922,5,0.0,False,False,2,always_defect,15,18140,2.4186666666666667,0.0,14,0,0,14
20260922,5,0.0,False,False,2,forgiving_tit_for_tat,24,32282,2.690166666666667,0.8873333333333333,25,0,0,25
20260922,5,0.0,False,False,2,pavlov,20,26200,2.62,0.924,20,0,0,20
20260922,5,0.0,False,False,2,tit_for_tat,25,33468,2.67744,0.86176,26,0,0,26
20260922,6,0.0,False,False,2,always_cooperate,15,19260,2.568,1.0,15,0,0,15
20260922,6,0.0,False,False,2,always_defect,14,16304,2.329142857142857,0.0,13,0,0,13
20260922,6,0.0,False,False,2,forgiving_tit_for_tat,25,33232,2.65856,0.87584,25,0,0,25
20260922,6,0.0,False,False,2,pavlov,20,26575,2.6575,0.9315,20,0,0,20
20260922,6,0.0,False,False,2,tit_for_tat,26,35367,2.7205384615384616,0.8802307692307693,27,0,0,27
20260922,7,0.0,False,False,2,always_cooperate,15,19260,2.568,1.0,14,0,0,14
20260922,7,0.0,False,False,2,always_defect,13,15520,2.3876923076923076,0.0,12,0,0,12
20260922,7,0.0,False,False,2,forgiving_tit_for_tat,25,34046,2.72368,0.89952,26,0,0,26
20260922,7,0.0,False,False,2,pavlov,20,26575,2.6575,0.9315,20,0,0,20
20260922,7,0.0,False,False,2,tit_for_tat,27,36804,2.7262222222222223,0.8826666666666667,28,0,0,28
20260922,8,0.0,False,False,2,always_cooperate,14,18030,2.5757142857142856,1.0,13,0,0,13
20260922,8,0.0,False,False,2,always_defect,12,14116,2.3526666666666665,0.0,11,0,0,11
20260922,8,0.0,False,False,2,forgiving_tit_for_tat,26,35744,2.7495384615384615,0.908923076923077,27,0,0,27
20260922,8,0.0,False,False,2,pavlov,20,27125,2.7125,0.9425,20,0,0,20
20260922,8,0.0,False,False,2,tit_for_tat,28,38472,2.748,0.892,29,0,0,29
20260922,9,0.0,False,False,2,always_cooperate,13,17370,2.6723076923076925,1.0,13,0,0,13
20260922,9,0.0,False,False,2,always_defect,11,12612,2.293090909090909,0.0,9,0,0,9
20260922,9,0.0,False,False,2,forgiving_tit_for_tat,27,37178,2.753925925925926,0.9105185185185185,28,0,0,28
20260922,9,0.0,False,False,2,pavlov,20,26975,2.6975,0.9395,20,0,0,20
20260922,9,0.0,False,False,2,tit_for_tat,29,40119,2.7668275862068965,0.9000689655172414,30,0,0,30
20260923,0,0.0,False,False,2,always_cooperate,20,24120,2.412,1.0,19,0,0,19
20260923,0,0.0,False,False,2,always_defect,20,24472,2.4472,0.0,20,0,0,20
20260923,0,0.0,False,False,2,forgiving_tit_for_tat,20,25820,2.582,0.848,21,0,0,21
20260923,0,0.0,False,False,2,pavlov,20,24650,2.465,0.893,20,0,0,20
20260923,0,0.0,False,False,2,tit_for_tat,20,25632,2.5632,0.8128,20,0,0,20
20260923,1,0.0,False,False,2,always_cooperate,19,22560,2.3747368421052633,1.0,18,0,0,18
20260923,1,0.0,False,False,2,always_defect,20,24608,2.4608,0.0,20,0,0,20
20260923,1,0.0,False,False,2,forgiving_tit_for_tat,21,26924,2.5641904761904764,0.8415238095238096,21,0,0,21
20260923,1,0.0,False,False,2,pavlov,20,24725,2.4725,0.8945,20,0,0,20
20260923,1,0.0,False,False,2,tit_for_tat,20,25779,2.5779,0.8191,21,0,0,21
20260923,2,0.0,False,False,2,always_cooperate,18,21060,2.34,1.0,17,0,0,17
20260923,2,0.0,False,False,2,always_defect,20,24368,2.4368,0.0,20,0,0,20
20260923,2,0.0,False,False,2,forgiving_tit_for_tat,21,26836,2.5558095238095238,0.8384761904761905,21,0,0,21
20260923,2,0.0,False,False,2,pavlov,20,25050,2.505,0.901,20,0,0,20
20260923,2,0.0,False,False,2,tit_for_tat,21,27342,2.604,0.8302857142857143,22,0,0,22
20260923,3,0.0,False,False,2,always_cooperate,17,20010,2.3541176470588234,1.0,16,0,0,16
20260923,3,0.0,False,False,2,always_defect,20,23676,2.3676,0.0,19,0,0,19
20260923,3,0.0,False,False,2,forgiving_tit_for_tat,21,26924,2.5641904761904764,0.8415238095238096,22,0,0,22
20260923,3,0.0,False,False,2,pavlov,20,25275,2.5275,0.9055,20,0,0,20
20260923,3,0.0,False,False,2,tit_for_tat,22,28212,2.5647272727272727,0.8134545454545454,23,0,0,23
20260923,4,0.0,False,False,2,always_cooperate,16,19020,2.3775,1.0,15,0,0,15
20260923,4,0.0,False,False,2,always_defect,19,22544,2.3730526315789473,0.0,18,0,0,18
20260923,4,0.0,False,False,2,forgiving_tit_for_tat,22,28710,2.61,0.8581818181818182,23,0,0,23
20260923,4,0.0,False,False,2,pavlov,20,25075,2.5075,0.9015,20,0,0,20
20260923,4,0.0,False,False,2,tit_for_tat,23,29754,2.587304347826087,0.8231304347826087,24,0,0,24
20260923,5,0.0,False,False,2,always_cooperate,15,18330,2.444,1.0,15,0,0,15
20260923,5,0.0,False,False,2,always_defect,18,20656,2.2951111111111113,0.0,16,0,0,16
20260923,5,0.0,False,False,2,forgiving_tit_for_tat,23,29638,2.5772173913043477,0.8462608695652174,24,0,0,24
20260923,5,0.0,False,False,2,pavlov,20,25600,2.56,0.912,20,0,0,20
20260923,5,0.0,False,False,2,tit_for_tat,24,31758,2.6465,0.8485,25,0,0,25
20260923,6,0.0,False,False,2,always_cooperate,15,18600,2.48,1.0,14,0,0,14
20260923,6,0.0,False,False,2,always_defect,16,18984,2.373,0.0,15,0,0,15
20260923,6,0.0,False,False,2,forgiving_tit_for_tat,24,32128,2.6773333333333333,0.8826666666666667,25,0,0,25
20260923,6,0.0,False,False,2,pavlov,20,25525,2.5525,0.9105,20,0,0,20
20260923,6,0.0,False,False,2,tit_for_tat,25,33321,2.66568,0.85672,26,0,0,26
20260923,7,0.0,False,False,2,always_cooperate,14,17370,2.4814285714285713,1.0,13,0,0,13
20260923,7,0.0,False,False,2,always_defect,15,17212,2.2949333333333333,0.0,13,0,0,13
20260923,7,0.0,False,False,2,forgiving_tit_for_tat,25,33430,2.6744,0.8816,26,0,0,26
20260923,7,0.0,False,False,2,pavlov,20,26750,2.675,0.935,21,0,0,21
20260923,7,0.0,False,False,2,tit_for_tat,26,34842,2.6801538461538463,0.8629230769230769,27,0,0,27
20260923,8,0.0,False,False,2,always_cooperate,13,16920,2.603076923076923,1.0,13,0,0,13
20260923,8,0.0,False,False,2,always_defect,13,14880,2.289230769230769,0.0,11,0,0,11
20260923,8,0.0,False,False,2,forgiving_tit_for_tat,26,35238,2.7106153846153846,0.8947692307692308,27,0,0,27
20260923,8,0.0,False,False,2,pavlov,21,27900,2.657142857142857,0.9314285714285714,21,0,0,21
20260923,8,0.0,False,False,2,tit_for_tat,27,36867,2.730888888888889,0.8846666666666667,28,0,0,28
20260923,9,0.0,False,False,2,always_cooperate,13,17280,2.6584615384615384,1.0,13,0,0,13
20260923,9,0.0,False,False,2,always_defect,11,12636,2.2974545454545456,0.0,9,0,0,9
20260923,9,0.0,False,False,2,forgiving_tit_for_tat,27,36936,2.736,0.904,28,0,0,28
20260923,9,0.0,False,False,2,pavlov,21,28750,2.738095238095238,0.9476190476190476,21,0,0,21
20260923,9,0.0,False,False,2,tit_for_tat,28,38430,2.745,0.8907142857142857,29,0,0,29
20260924,0,0.0,False,False,2,always_cooperate,20,23730,2.373,1.0,19,0,0,19
20260924,0,0.0,False,False,2,always_defect,20,25000,2.5,0.0,20,0,0,20
20260924,0,0.0,False,False,2,forgiving_tit_for_tat,20,25446,2.5446,0.8344,20,0,0,20
20260924,0,0.0,False,False,2,pavlov,20,24775,2.4775,0.8955,20,0,0,20
20260924,0,0.0,False,False,2,tit_for_tat,20,25779,2.5779,0.8191,21,0,0,21
20260924,1,0.0,False,False,2,always_cooperate,19,22440,2.3621052631578947,1.0,18,0,0,18
20260924,1,0.0,False,False,2,always_defect,20,24368,2.4368,0.0,19,0,0,19
20260924,1,0.0,False,False,2,forgiving_tit_for_tat,20,25644,2.5644,0.8416,21,0,0,21
20260924,1,0.0,False,False,2,pavlov,20,25100,2.51,0.902,20,0,0,20
20260924,1,0.0,False,False,2,tit_for_tat,21,27384,2.608,0.832,22,0,0,22
20260924,2,0.0,False,False,2,always_cooperate,18,21450,2.3833333333333333,1.0,17,0,0,17
20260924,2,0.0,False,False,2,always_defect,19,22896,2.4101052631578948,0.0,18,0,0,18
20260924,2,0.0,False,False,2,forgiving_tit_for_tat,21,27144,2.585142857142857,0.8491428571428571,22,0,0,22
20260924,2,0.0,False,False,2,pavlov,20,25575,2.5575,0.9115,20,0,0,20
20260924,2,0.0,False,False,2,tit_for_tat,22,28422,2.583818181818182,0.8216363636363636,23,0,0,23
20260924,3,0.0,False,False,2,always_cooperate,17,20430,2.4035294117647057,1.0,16,0,0,16
20260924,3,0.0,False,False,2,always_defect,18,21804,2.4226666666666667,0.0,17,0,0,17
20260924,3,0.0,False,False,2,forgiving_tit_for_tat,22,28908,2.628,0.8647272727272727,23,0,0,23
20260924,3,0.0,False,False,2,pavlov,20,25350,2.535,0.907,20,0,0,20
20260924,3,0.0,False,False,2,tit_for_tat,23,30111,2.6183478260869566,0.8364347826086956,24,0,0,24
20260924,4,0.0,False,False,2,always_cooperate,16,19860,2.4825,1.0,16,0,0,16
20260924,4,0.0,False,False,2,always_defect,17,19840,2.3341176470588234,0.0,16,0,0,16
20260924,4,0.0,False,False,2,forgiving_tit_for_tat,23,29902,2.6001739130434784,0.8546086956521739,23,0,0,23
20260924,4,0.0,False,False,2,pavlov,20,25775,2.5775,0.9155,20,0,0,20
20260924,4,0.0,False,False,2,tit_for_tat,24,31968,2.664,0.856,25,0,0,25
20260924,5,0.0,False,False,2,always_cooperate,16,19830,2.47875,1.0,15,0,0,15
20260924,5,0.0,False,False,2,always_defect,16,19364,2.4205,0.0,15,0,0,15
20260924,5,0.0,False,False,2,forgiving_tit_for_tat,23,30584,2.659478260869565,0.8761739130434782,24,0,0,24
20260924,5,0.0,False,False,2,pavlov,20,25525,2.5525,0.9105,20,0,0,20
20260924,5,0.0,False,False,2,tit_for_tat,25,33300,2.664,0.856,26,0,0,26
20260924,6,0.0,False,False,2,always_cooperate,15,18930,2.524,1.0,14,0,0,14
20260924,6,0.0,False,False,2,always_defect,15,17076,2.2768,0.0,13,0,0,13
20260924,6,0.0,False,False,2,forgiving_tit_for_tat,24,32106,2.6755,0.882,25,0,0,25
20260924,6,0.0,False,False,2,pavlov,20,26725,2.6725,0.9345,21,0,0,21
20260924,6,0.0,False,False,2,tit_for_tat,26,34905,2.685,0.865,27,0,0,27
20260924,7,0.0,False,False,2,always_cooperate,14,18060,2.58,1.0,14,0,0,14
20260924,7,0.0,False,False,2,always_defect,13,15272,2.3495384615384616,0.0,11,0,0,11
20260924,7,0.0,False,False,2,forgiving_tit_for_tat,25,33826,2.70608,0.89312,26,0,0,26
20260924,7,0.0,False,False,2,pavlov,21,27950,2.6619047619047618,0.9323809523809524,21,0,0,21
20260924,7,0.0,False,False,2,tit_for_tat,27,36951,2.737111111111111,0.8873333333333333,28,0,0,28
20260924,8,0.0,False,False,2,always_cooperate,14,18510,2.644285714285714,1.0,14,0,0,14
20260924,8,0.0,False,False,2,always_defect,11,12884,2.3425454545454545,0.0,10,0,0,10
20260924,8,0.0,False,False,2,forgiving_tit_for_tat,26,35590,2.7376923076923076,0.9046153846153846,26,0,0,26
20260924,8,0.0,False,False,2,pavlov,21,28825,2.7452380952380953,0.949047619047619,21,0,0,21
20260924,8,0.0,False,False,2,tit_for_tat,28,38409,2.7435,0.8900714285714286,29,0,0,29
20260924,9,0.0,False,False,2,always_cooperate,14,18840,2.6914285714285713,1.0,14,0,0,14
20260924,9,0.0,False,False,2,always_defect,10,11852,2.3704,0.0,9,0,0,9
20260924,9,0.0,False,False,2,forgiving_tit_for_tat,26,35986,2.768153846153846,0.9156923076923077,26,0,0,26
20260924,9,0.0,False,False,2,pavlov,21,28575,2.7214285714285715,0.9442857142857143,21,0,0,21
20260924,9,0.0,False,False,2,tit_for_tat,29,40686,2.8059310344827586,0.9168275862068965,30,0,0,30
20260925,0,0.0,False,False,2,always_cooperate,20,24000,2.4,1.0,19,0,0,19
20260925,0,0.0,False,False,2,always_defect,20,24192,2.4192,0.0,19,0,0,19
20260925,0,0.0,False,False,2,forgiving_tit_for_tat,20,25776,2.5776,0.8464,21,0,0,21
20260925,0,0.0,False,False,2,pavlov,20,25125,2.5125,0.9025,20,0,0,20
20260925,0,0.0,False,False,2,tit_for_tat,20,26031,2.6031,0.8299,21,0,0,21
20260925,1,0.0,False,False,2,always_cooperate,19,22620,2.3810526315789473,1.0,18,0,0,18
20260925,1,0.0,False,False,2,always_defect,19,23216,2.4437894736842107,0.0,18,0,0,18
20260925,1,0.0,False,False,2,forgiving_tit_for_tat,21,26990,2.5704761904761906,0.8438095238095238,22,0,0,22
20260925,1,0.0,False,False,2,pavlov,20,25725,2.5725,0.9145,20,0,0,20
20260925,1,0.0,False,False,2,tit_for_tat,21,27216,2.592,0.8251428571428572,22,0,0,22
20260925,2,0.0,False,False,2,always_cooperate,18,21750,2.4166666666666665,1.0,17,0,0,17
20260925,2,0.0,False,False,2,always_defect,18,22016,2.446222222222222,0.0,17,0,0,17
20260925,2,0.0,False,False,2,forgiving_tit_for_tat,22,28754,2.614,0.8596363636363636,23,0,0,23
20260925,2,0.0,False,False,2,pavlov,20,25425,2.5425,0.9085,20,0,0,20
20260925,2,0.0,False,False,2,tit_for_tat,22,28737,2.6124545454545456,0.8339090909090909,23,0,0,23
20260925,3,0.0,False,False,2,always_cooperate,17,20820,2.449411764705882,1.0,17,0,0,17
20260925,3,0.0,False,False,2,always_defect,17,20536,2.416,0.0,16,0,0,16
20260925,3,0.0,False,False,2,forgiving_tit_for_tat,23,29726,2.5848695652173914,0.8490434782608696,23,0,0,23
20260925,3,0.0,False,False,2,pavlov,20,25850,2.585,0.917,20,0,0,20
20260925,3,0.0,False,False,2,tit_for_tat,23,30615,2.6621739130434783,0.8552173913043478,24,0,0,24
20260925,4,0.0,False,False,2,always_cooperate,17,21150,2.488235294117647,1.0,16,0,0,16
20260925,4,0.0,False,False,2,always_defect,16,19544,2.443,0.0,15,0,0,15
20260925,4,0.0,False,False,2,forgiving_tit_for_tat,23,30650,2.6652173913043478,0.8782608695652174,24,0,0,24
20260925,4,0.0,False,False,2,pavlov,20,25550,2.555,0.911,20,0,0,20
20260925,4,0.0,False,False,2,tit_for_tat,24,31884,2.657,0.853,25,0,0,25
20260925,5,0.0,False,False,2,always_cooperate,16,20550,2.56875,1.0,16,0,0,16
20260925,5,0.0,False,False,2,always_defect,15,16928,2.2570666666666668,0.0,13,0,0,13
20260925,5,0.0,False,False,2,forgiving_tit_for_tat,24,32216,2.6846666666666668,0.8853333333333333,25,0,0,25
20260925,5,0.0,False,False,2,pavlov,20,26625,2.6625,0.9325,20,0,0,20
20260925,5,0.0,False,False,2,tit_for_tat,25,33552,2.68416,0.86464,26,0,0,26
20260925,6,0.0,False,False,2,always_cooperate,16,20610,2.57625,1.0,16,0,0,16
20260925,6,0.0,False,False,2,always_defect,13,15548,2.392,0.0,12,0,0,12
20260925,6,0.0,False,False,2,forgiving_tit_for_tat,25,33694,2.69552,0.88928,25,0,0,25
20260925,6,0.0,False,False,2,pavlov,20,26875,2.6875,0.9375,20,0,0,20
20260925,6,0.0,False,False,2,tit_for_tat,26,35619,2.739923076923077,0.8885384615384615,27,0,0,27
20260925,7,0.0,False,False,2,always_cooperate,16,21090,2.63625,1.0,16,0,0,16
20260925,7,0.0,False,False,2,always_defect,12,14104,2.3506666666666667,0.0,10,0,0,10
20260925,7,0.0,False,False,2,forgiving_tit_for_tat,25,34134,2.73072,0.90208,26,0,0,26
20260925,7,0.0,False,False,2,pavlov,20,27125,2.7125,0.9425,20,0,0,20
20260925,7,0.0,False,False,2,tit_for_tat,27,36825,2.727777777777778,0.8833333333333333,28,0,0,28
20260925,8,0.0,False,False,2,always_cooperate,16,21570,2.69625,1.0,16,0,0,16
20260925,8,0.0,False,False,2,always_defect,10,12088,2.4176,0.0,9,0,0,9
20260925,8,0.0,False,False,2,forgiving_tit_for_tat,26,35986,2.768153846153846,0.9156923076923077,26,0,0,26
20260925,8,0.0,False,False,2,pavlov,20,27200,2.72,0.944,20,0,0,20
20260925,8,0.0,False,False,2,tit_for_tat,28,39312,2.808,0.9177142857142857,29,0,0,29
20260925,9,0.0,False,False,2,always_cooperate,16,21960,2.745,1.0,16,0,0,16
20260925,9,0.0,False,False,2,always_defect,9,10620,2.36,0.0,8,0,0,8
20260925,9,0.0,False,False,2,forgiving_tit_for_tat,26,36360,2.796923076923077,0.9261538461538461,26,0,0,26
20260925,9,0.0,False,False,2,pavlov,20,27625,2.7625,0.9525,20,0,0,20
20260925,9,0.0,False,False,2,tit_for_tat,29,40665,2.8044827586206895,0.9162068965517242,30,0,0,30
20260926,0,0.0,False,False,2,always_cooperate,20,23490,2.349,1.0,19,0,0,19
20260926,0,0.0,False,False,2,always_defect,20,24888,2.4888,0.0,20,0,0,20
20260926,0,0.0,False,False,2,forgiving_tit_for_tat,20,25886,2.5886,0.8504,21,0,0,21
20260926,0,0.0,False,False,2,pavlov,20,25100,2.51,0.902,20,0,0,20
20260926,0,0.0,False,False,2,tit_for_tat,20,25842,2.5842,0.8218,20,0,0,20
20260926,1,0.0,False,False,2,always_cooperate,19,22110,2.3273684210526318,1.0,18,0,0,18
20260926,1,0.0,False,False,2,always_defect,20,24928,2.4928,0.0,20,0,0,20
20260926,1,0.0,False,False,2,forgiving_tit_for_tat,21,26858,2.557904761904762,0.8392380952380952,21,0,0,21
20260926,1,0.0,False,False,2,pavlov,20,25100,2.51,0.902,20,0,0,20
20260926,1,0.0,False,False,2,tit_for_tat,20,25800,2.58,0.82,21,0,0,21
20260926,2,0.0,False,False,2,always_cooperate,18,21810,2.4233333333333333,1.0,17,0,0,17
20260926,2,0.0,False,False,2,always_defect,20,23596,2.3596,0.0,19,0,0,19
20260926,2,0.0,False,False,2,forgiving_tit_for_tat,21,26792,2.5516190476190475,0.836952380952381,22,0,0,22
20260926,2,0.0,False,False,2,pavlov,20,24825,2.4825,0.8965,20,0,0,20
20260926,2,0.0,False,False,2,tit_for_tat,21,27174,2.588,0.8234285714285714,22,0,0,22
20260926,3,0.0,False,False,2,always_cooperate,17,20580,2.4211764705882355,1.0,16,0,0,16
20260926,3,0.0,False,False,2,always_defect,19,22712,2.3907368421052633,0.0,18,0,0,18
20260926,3,0.0,False,False,2,forgiving_tit_for_tat,22,28446,2.586,0.8494545454545455,23,0,0,23
20260926,3,0.0,False,False,2,pavlov,20,24825,2.4825,0.8965,20,0,0,20
20260926,3,0.0,False,False,2,tit_for_tat,22,28506,2.5914545454545452,0.8249090909090909,23,0,0,23
20260926,4,0.0,False,False,2,always_cooperate,16,19560,2.445,1.0,15,0,0,15
20260926,4,0.0,False,False,2,always_defect,18,20876,2.3195555555555556,0.0,17,0,0,17
20260926,4,0.0,False,False,2,forgiving_tit_for_tat,23,30078,2.615478260869565,0.8601739130434782,24,0,0,24
20260926,4,0.0,False,False,2,pavlov,20,25550,2.555,0.911,20,0,0,20
20260926,4,0.0,False,False,2,tit_for_tat,23,30363,2.640260869565217,0.8458260869565217,24,0,0,24
20260926,5,0.0,False,False,2,always_cooperate,15,18450,2.46,1.0,15,0,0,15
20260926,5,0.0,False,False,2,always_defect,17,19664,2.3134117647058825,0.0,15,0,0,15
20260926,5,0.0,False,False,2,forgiving_tit_for_tat,24,31336,2.6113333333333335,0.8586666666666667,25,0,0,25
20260926,5,0.0,False,False,2,pavlov,20,25950,2.595,0.919,20,0,0,20
20260926,5,0.0,False,False,2,tit_for_tat,24,31653,2.63775,0.84475,25,0,0,25
20260926,6,0.0,False,False,2,always_cooperate,15,19020,2.536,1.0,15,0,0,15
20260926,6,0.0,False,False,2,always_defect,15,17356,2.3141333333333334,0.0,13,0,0,13
20260926,6,0.0,False,False,2,forgiving_tit_for_tat,25,33452,2.67616,0.88224,26,0,0,26
20260926,6,0.0,False,False,2,pavlov,20,26325,2.6325,0.9265,20,0,0,20
20260926,6,0.0,False,False,2,tit_for_tat,25,33279,2.66232,0.85528,26,0,0,26
20260926,7,0.0,False,False,2,always_cooperate,15,19650,2.62,1.0,15,0,0,15
20260926,7,0.0,False,False,2,always_defect,13,15176,2.334769230769231,0.0,12,0,0,12
20260926,7,0.0,False,False,2,forgiving_tit_for_tat,26,34776,2.675076923076923,0.8818461538461538,26,0,0,26
20260926,7,0.0,False,False,2,pavlov,20,26650,2.665,0.933,20,0,0,20
20260926,7,0.0,False,False,2,tit_for_tat,26,35535,2.7334615384615386,0.8857692307692308,27,0,0,27
20260926,8,0.0,False,False,2,always_cooperate,15,20010,2.668,1.0,15,0,0,15
20260926,8,0.0,False,False,2,always_defect,12,13720,2.2866666666666666,0.0,10,0,0,10
20260926,8,0.0,False,False,2,forgiving_tit_for_tat,26,35502,2.730923076923077,0.9021538461538462,27,0,0,27
20260926,8,0.0,False,False,2,pavlov,20,26950,2.695,0.939,20,0,0,20
20260926,8,0.0,False,False,2,tit_for_tat,27,36888,2.7324444444444445,0.8853333333333333,28,0,0,28
20260926,9,0.0,False,False,2,always_cooperate,15,20340,2.712,1.0,15,0,0,15
20260926,9,0.0,False,False,2,always_defect,10,11780,2.356,0.0,9,0,0,9
20260926,9,0.0,False,False,2,forgiving_tit_for_tat,27,37354,2.766962962962963,0.9152592592592592,27,0,0,27
20260926,9,0.0,False,False,2,pavlov,20,27225,2.7225,0.9445,20,0,0,20
20260926,9,0.0,False,False,2,tit_for_tat,28,39186,2.799,0.9138571428571428,29,0,0,29
20260927,0,0.0,False,False,2,always_cooperate,20,23400,2.34,1.0,19,0,0,19
20260927,0,0.0,False,False,2,always_defect,20,25240,2.524,0.0,20,0,0,20
20260927,0,0.0,False,False,2,forgiving_tit_for_tat,20,25556,2.5556,0.8384,20,0,0,20
20260927,0,0.0,False,False,2,pavlov,20,24950,2.495,0.899,20,0,0,20
20260927,0,0.0,False,False,2,tit_for_tat,20,25884,2.5884,0.8236,21,0,0,21
20260927,1,0.0,False,False,2,always_cooperate,19,23160,2.437894736842105,1.0,19,0,0,19
20260927,1,0.0,False,False,2,always_defect,20,23744,2.3744,0.0,19,0,0,19
20260927,1,0.0,False,False,2,forgiving_tit_for_tat,20,25512,2.5512,0.8368,20,0,0,20
20260927,1,0.0,False,False,2,pavlov,20,24775,2.4775,0.8955,20,0,0,20
20260927,1,0.0,False,False,2,tit_for_tat,21,27237,2.594,0.826,22,0,0,22
20260927,2,0.0,False,False,2,always_cooperate,19,23190,2.4410526315789474,1.0,18,0,0,18
20260927,2,0.0,False,False,2,always_defect,19,23012,2.4223157894736844,0.0,18,0,0,18
20260927,2,0.0,False,False,2,forgiving_tit_for_tat,20,25842,2.5842,0.8488,21,0,0,21
20260927,2,0.0,False,False,2,pavlov,20,24900,2.49,0.898,20,0,0,20
20260927,2,0.0,False,False,2,tit_for_tat,22,28590,2.599090909090909,0.8281818181818181,23,0,0,23
20260927,3,0.0,False,False,2,always_cooperate,18,21990,2.4433333333333334,1.0,17,0,0,17
20260927,3,0.0,False,False,2,always_defect,18,21580,2.397777777777778,0.0,17,0,0,17
20260927,3,0.0,False,False,2,forgiving_tit_for_tat,21,27452,2.6144761904761906,0.8598095238095238,22,0,0,22
20260927,3,0.0,False,False,2,pavlov,20,25450,2.545,0.909,20,0,0,20
20260927,3,0.0,False,False,2,tit_for_tat,23,30363,2.640260869565217,0.8458260869565217,24,0,0,24
20260927,4,0.0,False,False,2,always_cooperate,17,20940,2.4635294117647057,1.0,17,0,0,17
20260927,4,0.0,False,False,2,always_defect,17,20364,2.395764705882353,0.0,16,0,0,16
20260927,4,0.0,False,False,2,forgiving_tit_for_tat,22,28556,2.596,0.8530909090909091,22,0,0,22
20260927,4,0.0,False,False,2,pavlov,20,25800,2.58,0.916,20,0,0,20
20260927,4,0.0,False,False,2,tit_for_tat,24,31758,2.6465,0.8485,25,0,0,25
20260927,5,0.0,False,False,2,always_cooperate,17,21540,2.5341176470588236,1.0,17,0,0,17
20260927,5,0.0,False,False,2,always_defect,16,18724,2.3405,0.0,14,0,0,14
20260927,5,0.0,False,False,2,forgiving_tit_for_tat,22,29238,2.658,0.8756363636363637,23,0,0,23
20260927,5,0.0,False,False,2,pavlov,20,25950,2.595,0.919,20,0,0,20
20260927,5,0.0,False,False,2,tit_for_tat,25,33111,2.64888,0.84952,26,0,0,26
20260927,6,0.0,False,False,2,always_cooperate,17,22050,2.5941176470588236,1.0,17,0,0,17
20260927,6,0.0,False,False,2,always_defect,14,16772,2.396,0.0,13,0,0,13
20260927,6,0.0,False,False,2,forgiving_tit_for_tat,23,30540,2.6556521739130434,0.8747826086956522,23,0,0,23
20260927,6,0.0,False,False,2,pavlov,20,26225,2.6225,0.9245,20,0,0,20
20260927,6,0.0,False,False,2,tit_for_tat,26,35262,2.7124615384615383,0.8767692307692307,27,0,0,27
20260927,7,0.0,False,False,2,always_cooperate,17,22350,2.6294117647058823,1.0,17,0,0,17
20260927,7,0.0,False,False,2,always_defect,13,15516,2.387076923076923,0.0,12,0,0,12
20260927,7,0.0,False,False,2,forgiving_tit_for_tat,23,31046,2.6996521739130435,0.8907826086956522,23,0,0,23
20260927,7,0.0,False,False,2,pavlov,20,26525,2.6525,0.9305,20,0,0,20
20260927,7,0.0,False,False,2,tit_for_tat,27,36405,2.6966666666666668,0.87,28,0,0,28
20260927,8,0.0,False,False,2,always_cooperate,17,22650,2.664705882352941,1.0,17,0,0,17
20260927,8,0.0,False,False,2,always_defect,12,14384,2.3973333333333335,0.0,11,0,0,11
20260927,8,0.0,False,False,2,forgiving_tit_for_tat,23,31222,2.7149565217391305,0.8963478260869565,23,0,0,23
20260927,8,0.0,False,False,2,pavlov,20,26575,2.6575,0.9315,20,0,0,20
20260927,8,0.0,False,False,2,tit_for_tat,28,38577,2.7555,0.8952142857142857,29,0,0,29
20260927,9,0.0,False,False,2,always_cooperate,17,22500,2.6470588235294117,1.0,16,0,0,16
20260927,9,0.0,False,False,2,always_defect,11,13156,2.392,0.0,10,0,0,10
20260927,9,0.0,False,False,2,forgiving_tit_for_tat,23,31992,2.781913043478261,0.920695652173913,24,0,0,24
20260927,9,0.0,False,False,2,pavlov,20,27375,2.7375,0.9475,20,0,0,20
20260927,9,0.0,False,False,2,tit_for_tat,29,40119,2.7668275862068965,0.9000689655172414,30,0,0,30
20260928,0,0.0,False,False,2,always_cooperate,20,24360,2.436,1.0,20,0,0,20
20260928,0,0.0,False,False,2,always_defect,20,24112,2.4112,0.0,19,0,0,19
20260928,0,0.0,False,False,2,forgiving_tit_for_tat,20,25380,2.538,0.832,20,0,0,20
20260928,0,0.0,False,False,2,pavlov,20,24850,2.485,0.897,20,0,0,20
20260928,0,0.0,False,False,2,tit_for_tat,20,25842,2.5842,0.8218,21,0,0,21
20260928,1,0.0,False,False,2,always_cooperate,20,24540,2.454,1.0,20,0,0,20
20260928,1,0.0,False,False,2,always_defect,19,23228,2.4450526315789474,0.0,18,0,0,18
20260928,1,0.0,False,False,2,forgiving_tit_for_tat,20,25688,2.5688,0.8432,20,0,0,20
20260928,1,0.0,False,False,2,pavlov,20,24875,2.4875,0.8975,20,0,0,20
20260928,1,0.0,False,False,2,tit_for_tat,21,27405,2.61,0.8328571428571429,22,0,0,22
20260928,2,0.0,False,False,2,always_cooperate,20,24510,2.451,1.0,19,0,0,19
20260928,2,0.0,False,False,2,always_defect,18,22468,2.4964444444444442,0.0,18,0,0,18
20260928,2,0.0,False,False,2,forgiving_tit_for_tat,20,25908,2.5908,0.8512,20,0,0,20
20260928,2,0.0,False,False,2,pavlov,20,25075,2.5075,0.9015,20,0,0,20
20260928,2,0.0,False,False,2,tit_for_tat,22,29220,2.6563636363636363,0.8527272727272728,23,0,0,23
20260928,3,0.0,False,False,2,always_cooperate,19,23760,2.5010526315789474,1.0,19,0,0,19
20260928,3,0.0,False,False,2,always_defect,18,21340,2.371111111111111,0.0,17,0,0,17
20260928,3,0.0,False,False,2,forgiving_tit_for_tat,20,25710,2.571,0.844,20,0,0,20
20260928,3,0.0,False,False,2,pavlov,20,25525,2.5525,0.9105,20,0,0,20
20260928,3,0.0,False,False,2,tit_for_tat,23,29880,2.5982608695652174,0.8278260869565217,24,0,0,24
20260928,4,0.0,False,False,2,always_cooperate,19,23520,2.4757894736842103,1.0,18,0,0,18
20260928,4,0.0,False,False,2,always_defect,17,20896,2.4583529411764706,0.0,16,0,0,16
20260928,4,0.0,False,False,2,forgiving_tit_for_tat,20,26282,2.6282,0.8648,21,0,0,21
20260928,4,0.0,False,False,2,pavlov,20,25500,2.55,0.91,20,0,0,20
20260928,4,0.0,False,False,2,tit_for_tat,24,31779,2.64825,0.84925,25,0,0,25
20260928,5,0.0,False,False,2,always_cooperate,18,22590,2.51,1.0,18,0,0,18
20260928,5,0.0,False,False,2,always_defect,16,19532,2.4415,0.0,15,0,0,15
20260928,5,0.0,False,False,2,forgiving_tit_for_tat,21,27628,2.6312380952380954,0.865904761904762,21,0,0,21
20260928,5,0.0,False,False,2,pavlov,20,25600,2.56,0.912,20,0,0,20
20260928,5,0.0,False,False,2,tit_for_tat,25,33699,2.69592,0.86968,26,0,0,26
20260928,6,0.0,False,False,2,always_cooperate,18,23070,2.5633333333333335,1.0,18,0,0,18
20260928,6,0.0,False,False,2,always_defect,15,18288,2.4384,0.0,14,0,0,14
20260928,6,0.0,False,False,2,forgiving_tit_for_tat,21,27804,2.648,0.872,21,0,0,21
20260928,6,0.0,False,False,2,pavlov,20,25800,2.58,0.916,20,0,0,20
20260928,6,0.0,False,False,2,tit_for_tat,26,34569,2.659153846153846,0.8539230769230769,27,0,0,27
20260928,7,0.0,False,False,2,always_cooperate,18,23400,2.6,1.0,18,0,0,18
20260928,7,0.0,False,False,2,always_defect,14,17092,2.4417142857142857,0.0,13,0,0,13
20260928,7,0.0,False,False,2,forgiving_tit_for_tat,21,27826,2.650095238095238,0.8727619047619047,21,0,0,21
20260928,7,0.0,False,False,2,pavlov,20,25975,2.5975,0.9195,20,0,0,20
20260928,7,0.0,False,False,2,tit_for_tat,27,36636,2.7137777777777776,0.8773333333333333,28,0,0,28
20260928,8,0.0,False,False,2,always_cooperate,18,23250,2.5833333333333335,1.0,17,0,0,17
20260928,8,0.0,False,False,2,always_defect,13,15688,2.4135384615384616,0.0,12,0,0,12
20260928,8,0.0,False,False,2,forgiving_tit_for_tat,21,28860,2.7485714285714287,0.9085714285714286,22,0,0,22
20260928,8,0.0,False,False,2,pavlov,20,26875,2.6875,0.9375,20,0,0,20
20260928,8,0.0,False,False,2,tit_for_tat,28,38178,2.727,0.883,29,0,0,29
20260928,9,0.0,False,False,2,always_cooperate,17,22260,2.6188235294117646,1.0,17,0,0,17
20260928,9,0.0,False,False,2,always_defect,12,14540,2.4233333333333333,0.0,11,0,0,11
20260928,9,0.0,False,False,2,forgiving_tit_for_tat,22,29942,2.722,0.8989090909090909,22,0,0,22
20260928,9,0.0,False,False,2,pavlov,20,27000,2.7,0.94,20,0,0,20
20260928,9,0.0,False,False,2,tit_for_tat,29,39783,2.743655172413793,0.8901379310344828,30,0,0,30
20260929,0,0.0,False,False,2,always_cooperate,20,24300,2.43,1.0,19,0,0,19
20260929,0,0.0,False,False,2,always_defect,20,24376,2.4376,0.0,20,0,0,20
20260929,0,0.0,False,False,2,forgiving_tit_for_tat,20,25556,2.5556,0.8384,20,0,0,20
20260929,0,0.0,False,False,2,pavlov,20,24525,2.4525,0.8905,20,0,0,20
20260929,0,0.0,False,False,2,tit_for_tat,20,25905,2.5905,0.8245,21,0,0,21
20260929,1,0.0,False,False,2,always_cooperate,19,22560,2.3747368421052633,1.0,18,0,0,18
20260929,1,0.0,False,False,2,always_defect,20,24536,2.4536,0.0,20,0,0,20
20260929,1,0.0,False,False,2,forgiving_tit_for_tat,20,25336,2.5336,0.8304,20,0,0,20
20260929,1,0.0,False,False,2,pavlov,20,24775,2.4775,0.8955,20,0,0,20
20260929,1,0.0,False,False,2,tit_for_tat,21,27615,2.63,0.8414285714285714,22,0,0,22
20260929,2,0.0,False,False,2,always_cooperate,18,21810,2.4233333333333333,1.0,18,0,0,18
20260929,2,0.0,False,False,2,always_defect,20,23556,2.3556,0.0,19,0,0,19
20260929,2,0.0,False,False,2,forgiving_tit_for_tat,20,25336,2.5336,0.8304,20,0,0,20
20260929,2,0.0,False,False,2,pavlov,20,24975,2.4975,0.8995,20,0,0,20
20260929,2,0.0,False,False,2,tit_for_tat,22,28170,2.560909090909091,0.8118181818181818,23,0,0,23
20260929,3,0.0,False,False,2,always_cooperate,18,21810,2.4233333333333333,1.0,17,0,0,17
20260929,3,0.0,False,False,2,always_defect,19,22796,2.399578947368421,0.0,18,0,0,18
20260929,3,0.0,False,False,2,forgiving_tit_for_tat,20,25886,2.5886,0.8504,21,0,0,21
20260929,3,0.0,False,False,2,pavlov,20,25000,2.5,0.9,20,0,0,20
20260929,3,0.0,False,False,2,tit_for_tat,23,29880,2.5982608695652174,0.8278260869565217,24,0,0,24
20260929,4,0.0,False,False,2,always_cooperate,17,20970,2.467058823529412,1.0,16,0,0,16
20260929,4,0.0,False,False,2,always_defect,18,21308,2.3675555555555556,0.0,17,0,0,17
20260929,4,0.0,False,False,2,forgiving_tit_for_tat,21,27320,2.6019047619047617,0.8552380952380952,22,0,0,22
20260929,4,0.0,False,False,2,pavlov,20,25050,2.505,0.901,20,0,0,20
20260929,4,0.0,False,False,2,tit_for_tat,24,31863,2.65525,0.85225,25,0,0,25
20260929,5,0.0,False,False,2,always_cooperate,16,19980,2.4975,1.0,16,0,0,16
20260929,5,0.0,False,False,2,always_defect,17,20084,2.3628235294117648,0.0,16,0,0,16
20260929,5,0.0,False,False,2,forgiving_tit_for_tat,22,28600,2.6,0.8545454545454545,22,0,0,22
20260929,5,0.0,False,False,2,pavlov,20,25375,2.5375,0.9075,20,0,0,20
20260929,5,0.0,False,False,2,tit_for_tat,25,32649,2.61192,0.83368,26,0,0,26
20260929,6,0.0,False,False,2,always_cooperate,16,20160,2.52,1.0,16,0,0,16
20260929,6,0.0,False,False,2,always_defect,16,19208,2.401,0.0,15,0,0,15
20260929,6,0.0,False,False,2,forgiving_tit_for_tat,22,28688,2.608,0.8574545454545455,22,0,0,22
20260929,6,0.0,False,False,2,pavlov,20,25350,2.535,0.907,20,0,0,20
20260929,6,0.0,False,False,2,tit_for_tat,26,34800,2.6769230769230767,0.8615384615384616,27,0,0,27
20260929,7,0.0,False,False,2,always_cooperate,16,20460,2.5575,1.0,16,0,0,16
20260929,7,0.0,False,False,2,always_defect,15,17144,2.2858666666666667,0.0,13,0,0,13
20260929,7,0.0,False,False,2,forgiving_tit_for_tat,22,29854,2.714,0.896,23,0,0,23
20260929,7,0.0,False,False,2,pavlov,20,26350,2.635,0.927,20,0,0,20
20260929,7,0.0,False,False,2,tit_for_tat,27,35985,2.6655555555555557,0.8566666666666667,28,0,0,28
20260929,8,0.0,False,False,2,always_cooperate,16,20850,2.60625,1.0,16,0,0,16
20260929,8,0.0,False,False,2,always_defect,13,15276,2.3501538461538463,0.0,12,0,0,12
20260929,8,0.0,False,False,2,forgiving_tit_for_tat,23,31046,2.6996521739130435,0.8907826086956522,23,0,0,23
20260929,8,0.0,False,False,2,pavlov,20,26775,2.6775,0.9355,20,0,0,20
20260929,8,0.0,False,False,2,tit_for_tat,28,38115,2.7225,0.8810714285714286,29,0,0,29
20260929,9,0.0,False,False,2,always_cooperate,16,20790,2.59875,1.0,16,0,0,16
20260929,9,0.0,False,False,2,always_defect,12,14472,2.412,0.0,11,0,0,11
20260929,9,0.0,False,False,2,forgiving_tit_for_tat,23,31178,2.711130434782609,0.8949565217391304,23,0,0,23
20260929,9,0.0,False,False,2,pavlov,20,27125,2.7125,0.9425,20,0,0,20
20260929,9,0.0,False,False,2,tit_for_tat,29,39909,2.752344827586207,0.8938620689655172,30,0,0,30
20260930,0,0.0,False,False,2,always_cooperate,20,23910,2.391,1.0,19,0,0,19
20260930,0,0.0,False,False,2,always_defect,20,24736,2.4736,0.0,20,0,0,20
20260930,0,0.0,False,False,2,forgiving_tit_for_tat,20,25402,2.5402,0.8328,20,0,0,20
20260930,0,0.0,False,False,2,pavlov,20,24725,2.4725,0.8945,20,0,0,20
20260930,0,0.0,False,False,2,tit_for_tat,20,26199,2.6199,0.8371,21,0,0,21
20260930,1,0.0,False,False,2,always_cooperate,19,23100,2.431578947368421,1.0,19,0,0,19
20260930,1,0.0,False,False,2,always_defect,20,23752,2.3752,0.0,19,0,0,19
20260930,1,0.0,False,False,2,forgiving_tit_for_tat,20,25248,2.5248,0.8272,20,0,0,20
20260930,1,0.0,False,False,2,pavlov,20,25075,2.5075,0.9015,20,0,0,20
20260930,1,0.0,False,False,2,tit_for_tat,21,26859,2.558,0.8105714285714286,22,0,0,22
20260930,2,0.0,False,False,2,always_cooperate,19,22950,2.4157894736842107,1.0,18,0,0,18
20260930,2,0.0,False,False,2,always_defect,19,23220,2.4442105263157896,0.0,19,0,0,19
20260930,2,0.0,False,False,2,forgiving_tit_for_tat,20,25666,2.5666,0.8424,20,0,0,20
20260930,2,0.0,False,False,2,pavlov,20,25150,2.515,0.903,20,0,0,20
20260930,2,0.0,False,False,2,tit_for_tat,22,28464,2.5876363636363635,0.8232727272727273,23,0,0,23
20260930,3,0.0,False,False,2,always_cooperate,18,21900,2.433333333333333,1.0,17,0,0,17
20260930,3,0.0,False,False,2,always_defect,19,22668,2.3861052631578947,0.0,18,0,0,18
20260930,3,0.0,False,False,2,forgiving_tit_for_tat,20,25864,2.5864,0.8496,21,0,0,21
20260930,3,0.0,False,False,2,pavlov,20,24975,2.4975,0.8995,20,0,0,20
20260930,3,0.0,False,False,2,tit_for_tat,23,30069,2.614695652173913,0.8348695652173913,24,0,0,24
20260930,4,0.0,False,False,2,always_cooperate,17,20940,2.4635294117647057,1.0,17,0,0,17
20260930,4,0.0,False,False,2,always_defect,18,21464,2.384888888888889,0.0,17,0,0,17
20260930,4,0.0,False,False,2,forgiving_tit_for_tat,21,27056,2.576761904761905,0.8460952380952381,21,0,0,21
20260930,4,0.0,False,False,2,pavlov,20,25200,2.52,0.904,20,0,0,20
20260930,4,0.0,False,False,2,tit_for_tat,24,31128,2.594,0.826,25,0,0,25
20260930,5,0.0,False,False,2,always_cooperate,17,21390,2.5164705882352942,1.0,17,0,0,17
20260930,5,0.0,False,False,2,always_defect,17,20416,2.4018823529411764,0.0,16,0,0,16
20260930,5,0.0,False,False,2,forgiving_tit_for_tat,21,27056,2.576761904761905,0.8460952380952381,21,0,0,21
20260930,5,0.0,False,False,2,pavlov,20,24950,2.495,0.899,20,0,0,20
20260930,5,0.0,False,False,2,tit_for_tat,25,33405,2.6724,0.8596,26,0,0,26
20260930,6,0.0,False,False,2,always_cooperate,17,21330,2.5094117647058822,1.0,16,0,0,16
20260930,6,0.0,False,False,2,always_defect,16,18812,2.3515,0.0,15,0,0,15
20260930,6,0.0,False,False,2,forgiving_tit_for_tat,21,28288,2.694095238095238,0.8887619047619048,22,0,0,22
20260930,6,0.0,False,False,2,pavlov,20,26000,2.6,0.92,20,0,0,20
20260930,6,0.0,False,False,2,tit_for_tat,26,34359,2.643,0.847,27,0,0,27
20260930,7,0.0,False,False,2,always_cooperate,16,20130,2.51625,1.0,16,0,0,16
20260930,7,0.0,False,False,2,always_defect,15,17720,2.3626666666666667,0.0,14,0,0,14
20260930,7,0.0,False,False,2,forgiving_tit_for_tat,22,29172,2.652,0.8734545454545455,22,0,0,22
20260930,7,0.0,False,False,2,pavlov,20,26400,2.64,0.928,20,0,0,20
20260930,7,0.0,False,False,2,tit_for_tat,27,36363,2.6935555555555557,0.8686666666666667,28,0,0,28
20260930,8,0.0,False,False,2,always_cooperate,16,20370,2.54625,1.0,16,0,0,16
20260930,8,0.0,False,False,2,always_defect,14,16516,2.3594285714285714,0.0,13,0,0,13
20260930,8,0.0,False,False,2,forgiving_tit_for_tat,22,29304,2.664,0.8778181818181818,22,0,0,22
20260930,8,0.0,False,False,2,pavlov,20,26850,2.685,0.937,20,0,0,20
20260930,8,0.0,False,False,2,tit_for_tat,28,37737,2.6955,0.8695,29,0,0,29
20260930,9,0.0,False,False,2,always_cooperate,16,20970,2.62125,1.0,16,0,0,16
20260930,9,0.0,False,False,2,always_defect,13,15288,2.352,0.0,11,0,0,11
20260930,9,0.0,False,False,2,forgiving_tit_for_tat,22,30008,2.728,0.901090909090909,23,0,0,23
20260930,9,0.0,False,False,2,pavlov,20,26325,2.6325,0.9265,20,0,0,20
20260930,9,0.0,False,False,2,tit_for_tat,29,39720,2.739310344827586,0.8882758620689655,30,0,0,30
