replicate_seed,generation,mutation_rate,reputation_enabled,policy,count,payoff,average_payoff_per_round,cooperation_rate,selected_count,mutations_in,mutations_out,next_count
20260921,0,0.0,False,always_cooperate,25,28200,2.256,1.0,23,0,0,23
20260921,0,0.0,False,always_defect,25,37684,3.01472,0.0,30,0,0,30
20260921,0,0.0,False,reputation_guard,25,28920,2.3136,1.0,23,0,0,23
20260921,0,0.0,False,tit_for_tat,25,30444,2.43552,0.75808,24,0,0,24
20260921,1,0.0,False,always_cooperate,23,24210,2.1052173913043477,1.0,20,0,0,20
20260921,1,0.0,False,always_defect,30,44508,2.9672,0.0,37,0,0,37
20260921,1,0.0,False,reputation_guard,23,23700,2.0608695652173914,1.0,19,0,0,19
20260921,1,0.0,False,tit_for_tat,24,28713,2.39275,0.73975,24,0,0,24
20260921,2,0.0,False,always_cooperate,20,18930,1.893,1.0,17,0,0,17
20260921,2,0.0,False,always_defect,37,50196,2.7132972972972973,0.0,44,0,0,44
20260921,2,0.0,False,reputation_guard,19,17130,1.803157894736842,1.0,15,0,0,15
20260921,2,0.0,False,tit_for_tat,24,26676,2.223,0.667,24,0,0,24
20260921,3,0.0,False,always_cooperate,17,13320,1.5670588235294118,1.0,13,0,0,13
20260921,3,0.0,False,always_defect,44,53300,2.422727272727273,0.0,51,0,0,51
20260921,3,0.0,False,reputation_guard,15,12810,1.708,1.0,12,0,0,12
20260921,3,0.0,False,tit_for_tat,24,24765,2.06375,0.59875,24,0,0,24
20260921,4,0.0,False,always_cooperate,13,9810,1.5092307692307692,1.0,10,0,0,10
20260921,4,0.0,False,always_defect,51,53072,2.081254901960784,0.0,56,0,0,56
20260921,4,0.0,False,reputation_guard,12,8880,1.48,1.0,10,0,0,10
20260921,4,0.0,False,tit_for_tat,24,22917,1.90975,0.53275,24,0,0,24
20260921,5,0.0,False,always_cooperate,10,6030,1.206,1.0,7,0,0,7
20260921,5,0.0,False,always_defect,56,53812,1.921857142857143,0.0,61,0,0,61
20260921,5,0.0,False,reputation_guard,10,6720,1.344,1.0,8,0,0,8
20260921,5,0.0,False,tit_for_tat,24,21237,1.76975,0.47275,24,0,0,24
20260921,6,0.0,False,always_cooperate,7,3690,1.0542857142857143,1.0,5,0,0,5
20260921,6,0.0,False,always_defect,61,52668,1.7268196721311475,0.0,65,0,0,65
20260921,6,0.0,False,reputation_guard,8,4410,1.1025,1.0,5,0,0,5
20260921,6,0.0,False,tit_for_tat,24,20418,1.7015,0.4435,25,0,0,25
20260921,7,0.0,False,always_cooperate,5,2490,0.996,1.0,3,0,0,3
20260921,7,0.0,False,always_defect,65,49064,1.5096615384615384,0.0,66,0,0,66
20260921,7,0.0,False,reputation_guard,5,2640,1.056,1.0,4,0,0,4
20260921,7,0.0,False,tit_for_tat,25,19629,1.57032,0.38728,27,0,0,27
20260921,8,0.0,False,always_cooperate,3,1470,0.98,1.0,2,0,0,2
20260921,8,0.0,False,always_defect,66,45832,1.3888484848484848,0.0,65,0,0,65
20260921,8,0.0,False,reputation_guard,4,2130,1.065,1.0,3,0,0,3
20260921,8,0.0,False,tit_for_tat,27,21432,1.5875555555555556,0.39466666666666667,30,0,0,30
20260921,9,0.0,False,always_cooperate,2,960,0.96,1.0,1,0,0,1
20260921,9,0.0,False,always_defect,65,42996,1.3229538461538461,0.0,62,0,0,62
20260921,9,0.0,False,reputation_guard,3,1620,1.08,1.0,2,0,0,2
20260921,9,0.0,False,tit_for_tat,30,24336,1.6224,0.4096,35,0,0,35
20260922,0,0.0,False,always_cooperate,25,27990,2.2392,1.0,22,0,0,22
20260922,0,0.0,False,always_defect,25,40196,3.21568,0.0,32,0,0,32
20260922,0,0.0,False,reputation_guard,25,27090,2.1672,1.0,21,0,0,21
20260922,0,0.0,False,tit_for_tat,25,31536,2.52288,0.79552,25,0,0,25
20260922,1,0.0,False,always_cooperate,22,22140,2.0127272727272727,1.0,19,0,0,19
20260922,1,0.0,False,always_defect,32,46584,2.9115,0.0,39,0,0,39
20260922,1,0.0,False,reputation_guard,21,20640,1.9657142857142857,1.0,17,0,0,17
20260922,1,0.0,False,tit_for_tat,25,28974,2.31792,0.70768,25,0,0,25
20260922,2,0.0,False,always_cooperate,19,16680,1.7557894736842106,1.0,15,0,0,15
20260922,2,0.0,False,always_defect,39,50288,2.578871794871795,0.0,46,0,0,46
20260922,2,0.0,False,reputation_guard,17,15690,1.8458823529411765,1.0,14,0,0,14
20260922,2,0.0,False,tit_for_tat,25,27273,2.18184,0.64936,25,0,0,25
20260922,3,0.0,False,always_cooperate,15,12090,1.612,1.0,12,0,0,12
20260922,3,0.0,False,always_defect,46,51592,2.243130434782609,0.0,51,0,0,51
20260922,3,0.0,False,reputation_guard,14,11730,1.6757142857142857,1.0,12,0,0,12
20260922,3,0.0,False,tit_for_tat,25,25152,2.01216,0.57664,25,0,0,25
20260922,4,0.0,False,always_cooperate,12,8400,1.4,1.0,9,0,0,9
20260922,4,0.0,False,always_defect,51,52800,2.070588235294118,0.0,56,0,0,56
20260922,4,0.0,False,reputation_guard,12,9090,1.515,1.0,10,0,0,10
20260922,4,0.0,False,tit_for_tat,25,23745,1.8996,0.5284,25,0,0,25
20260922,5,0.0,False,always_cooperate,9,5340,1.1866666666666668,1.0,6,0,0,6
20260922,5,0.0,False,always_defect,56,53128,1.8974285714285715,0.0,61,0,0,61
20260922,5,0.0,False,reputation_guard,10,6480,1.296,1.0,7,0,0,7
20260922,5,0.0,False,tit_for_tat,25,22338,1.78704,0.48016,26,0,0,26
20260922,6,0.0,False,always_cooperate,6,3270,1.09,1.0,4,0,0,4
20260922,6,0.0,False,always_defect,61,49520,1.6236065573770493,0.0,63,0,0,63
20260922,6,0.0,False,reputation_guard,7,4440,1.2685714285714285,1.0,6,0,0,6
20260922,6,0.0,False,tit_for_tat,26,21675,1.6673076923076924,0.4288461538461538,27,0,0,27
20260922,7,0.0,False,always_cooperate,4,2220,1.11,1.0,3,0,0,3
20260922,7,0.0,False,always_defect,63,47720,1.514920634920635,0.0,63,0,0,63
20260922,7,0.0,False,reputation_guard,6,3210,1.07,1.0,4,0,0,4
20260922,7,0.0,False,tit_for_tat,27,22335,1.6544444444444444,0.42333333333333334,30,0,0,30
20260922,8,0.0,False,always_cooperate,3,1650,1.1,1.0,2,0,0,2
20260922,8,0.0,False,always_defect,63,44028,1.3977142857142857,0.0,61,0,0,61
20260922,8,0.0,False,reputation_guard,4,2310,1.155,1.0,3,0,0,3
20260922,8,0.0,False,tit_for_tat,30,25008,1.6672,0.4288,34,0,0,34
20260922,9,0.0,False,always_cooperate,2,1080,1.08,1.0,1,0,0,1
20260922,9,0.0,False,always_defect,61,41040,1.3455737704918034,0.0,57,0,0,57
20260922,9,0.0,False,reputation_guard,3,1710,1.14,1.0,2,0,0,2
20260922,9,0.0,False,tit_for_tat,34,28635,1.6844117647058823,0.4361764705882353,40,0,0,40
20260923,0,0.0,False,always_cooperate,25,28380,2.2704,1.0,23,0,0,23
20260923,0,0.0,False,always_defect,25,39248,3.13984,0.0,31,0,0,31
20260923,0,0.0,False,reputation_guard,25,27510,2.2008,1.0,22,0,0,22
20260923,0,0.0,False,tit_for_tat,25,30843,2.46744,0.77176,24,0,0,24
20260923,1,0.0,False,always_cooperate,23,23670,2.0582608695652174,1.0,20,0,0,20
20260923,1,0.0,False,always_defect,31,44936,2.8990967741935485,0.0,37,0,0,37
20260923,1,0.0,False,reputation_guard,22,22860,2.078181818181818,1.0,19,0,0,19
20260923,1,0.0,False,tit_for_tat,24,28251,2.35425,0.72325,24,0,0,24
20260923,2,0.0,False,always_cooperate,20,18720,1.872,1.0,17,0,0,17
20260923,2,0.0,False,always_defect,37,48884,2.6423783783783783,0.0,43,0,0,43
20260923,2,0.0,False,reputation_guard,19,18360,1.9326315789473685,1.0,16,0,0,16
20260923,2,0.0,False,tit_for_tat,24,26424,2.202,0.658,24,0,0,24
20260923,3,0.0,False,always_cooperate,17,13920,1.6376470588235295,1.0,13,0,0,13
20260923,3,0.0,False,always_defect,43,52488,2.4413023255813955,0.0,50,0,0,50
20260923,3,0.0,False,reputation_guard,16,13950,1.74375,1.0,13,0,0,13
20260923,3,0.0,False,tit_for_tat,24,24723,2.06025,0.59725,24,0,0,24
20260923,4,0.0,False,always_cooperate,13,9000,1.3846153846153846,1.0,9,0,0,9
20260923,4,0.0,False,always_defect,50,54532,2.18128,0.0,57,0,0,57
20260923,4,0.0,False,reputation_guard,13,9690,1.4907692307692308,1.0,10,0,0,10
20260923,4,0.0,False,tit_for_tat,24,23127,1.92725,0.54025,24,0,0,24
20260923,5,0.0,False,always_cooperate,9,5700,1.2666666666666666,1.0,7,0,0,7
20260923,5,0.0,False,always_defect,57,53232,1.8677894736842104,0.0,61,0,0,61
20260923,5,0.0,False,reputation_guard,10,6330,1.266,1.0,7,0,0,7
20260923,5,0.0,False,tit_for_tat,24,21447,1.78725,0.48025,25,0,0,25
20260923,6,0.0,False,always_cooperate,7,3780,1.08,1.0,5,0,0,5
20260923,6,0.0,False,always_defect,61,51284,1.6814426229508197,0.0,64,0,0,64
20260923,6,0.0,False,reputation_guard,7,3960,1.1314285714285715,1.0,5,0,0,5
20260923,6,0.0,False,tit_for_tat,25,21204,1.69632,0.44128,26,0,0,26
20260923,7,0.0,False,always_cooperate,5,2670,1.068,1.0,3,0,0,3
20260923,7,0.0,False,always_defect,64,47816,1.49425,0.0,64,0,0,64
20260923,7,0.0,False,reputation_guard,5,2970,1.188,1.0,4,0,0,4
20260923,7,0.0,False,tit_for_tat,26,21486,1.6527692307692308,0.4226153846153846,29,0,0,29
20260923,8,0.0,False,always_cooperate,3,1620,1.08,1.0,2,0,0,2
20260923,8,0.0,False,always_defect,64,45044,1.407625,0.0,62,0,0,62
20260923,8,0.0,False,reputation_guard,4,1950,0.975,1.0,3,0,0,3
20260923,8,0.0,False,tit_for_tat,29,23529,1.6226896551724137,0.40972413793103446,33,0,0,33
20260923,9,0.0,False,always_cooperate,2,1260,1.26,1.0,2,0,0,2
20260923,9,0.0,False,always_defect,62,41060,1.324516129032258,0.0,57,0,0,57
20260923,9,0.0,False,reputation_guard,3,1770,1.18,1.0,2,0,0,2
20260923,9,0.0,False,tit_for_tat,33,27975,1.6954545454545455,0.4409090909090909,39,0,0,39
20260924,0,0.0,False,always_cooperate,25,28260,2.2608,1.0,23,0,0,23
20260924,0,0.0,False,always_defect,25,38960,3.1168,0.0,31,0,0,31
20260924,0,0.0,False,reputation_guard,25,27870,2.2296,1.0,22,0,0,22
20260924,0,0.0,False,tit_for_tat,25,30675,2.454,0.766,24,0,0,24
20260924,1,0.0,False,always_cooperate,23,23280,2.0243478260869567,1.0,19,0,0,19
20260924,1,0.0,False,always_defect,31,44980,2.9019354838709677,0.0,38,0,0,38
20260924,1,0.0,False,reputation_guard,22,23220,2.110909090909091,1.0,19,0,0,19
20260924,1,0.0,False,tit_for_tat,24,28230,2.3525,0.7225,24,0,0,24
20260924,2,0.0,False,always_cooperate,19,17100,1.8,1.0,15,0,0,15
20260924,2,0.0,False,always_defect,38,50256,2.6450526315789475,0.0,45,0,0,45
20260924,2,0.0,False,reputation_guard,19,17880,1.8821052631578947,1.0,16,0,0,16
20260924,2,0.0,False,tit_for_tat,24,26046,2.1705,0.6445,24,0,0,24
20260924,3,0.0,False,always_cooperate,15,11400,1.52,1.0,11,0,0,11
20260924,3,0.0,False,always_defect,45,54392,2.417422222222222,0.0,53,0,0,53
20260924,3,0.0,False,reputation_guard,16,12870,1.60875,1.0,13,0,0,13
20260924,3,0.0,False,tit_for_tat,24,24177,2.01475,0.57775,23,0,0,23
20260924,4,0.0,False,always_cooperate,11,7680,1.3963636363636365,1.0,8,0,0,8
20260924,4,0.0,False,always_defect,53,54464,2.055245283018868,0.0,59,0,0,59
20260924,4,0.0,False,reputation_guard,13,9210,1.416923076923077,1.0,10,0,0,10
20260924,4,0.0,False,tit_for_tat,23,21459,1.866,0.514,23,0,0,23
20260924,5,0.0,False,always_cooperate,8,4740,1.185,1.0,6,0,0,6
20260924,5,0.0,False,always_defect,59,53660,1.8189830508474576,0.0,64,0,0,64
20260924,5,0.0,False,reputation_guard,10,6240,1.248,1.0,7,0,0,7
20260924,5,0.0,False,tit_for_tat,23,19800,1.7217391304347827,0.45217391304347826,23,0,0,23
20260924,6,0.0,False,always_cooperate,6,3240,1.08,1.0,4,0,0,4
20260924,6,0.0,False,always_defect,64,51580,1.611875,0.0,67,0,0,67
20260924,6,0.0,False,reputation_guard,7,3810,1.0885714285714285,1.0,5,0,0,5
20260924,6,0.0,False,tit_for_tat,23,18855,1.6395652173913045,0.41695652173913045,24,0,0,24
20260924,7,0.0,False,always_cooperate,4,1860,0.93,1.0,3,0,0,3
20260924,7,0.0,False,always_defect,67,48972,1.4618507462686567,0.0,68,0,0,68
20260924,7,0.0,False,reputation_guard,5,2520,1.008,1.0,3,0,0,3
20260924,7,0.0,False,tit_for_tat,24,18612,1.551,0.379,26,0,0,26
20260924,8,0.0,False,always_cooperate,3,1500,1.0,1.0,2,0,0,2
20260924,8,0.0,False,always_defect,68,45828,1.3478823529411765,0.0,67,0,0,67
20260924,8,0.0,False,reputation_guard,3,1350,0.9,1.0,2,0,0,2
20260924,8,0.0,False,tit_for_tat,26,19953,1.5348461538461537,0.3720769230769231,29,0,0,29
20260924,9,0.0,False,always_cooperate,2,870,0.87,1.0,1,0,0,1
20260924,9,0.0,False,always_defect,67,42400,1.2656716417910447,0.0,62,0,0,62
20260924,9,0.0,False,reputation_guard,2,1320,1.32,1.0,2,0,0,2
20260924,9,0.0,False,tit_for_tat,29,23445,1.6168965517241378,0.4072413793103448,35,0,0,35
20260925,0,0.0,False,always_cooperate,25,27600,2.208,1.0,22,0,0,22
20260925,0,0.0,False,always_defect,25,38736,3.09888,0.0,31,0,0,31
20260925,0,0.0,False,reputation_guard,25,28650,2.292,1.0,23,0,0,23
20260925,0,0.0,False,tit_for_tat,25,31011,2.48088,0.77752,24,0,0,24
20260925,1,0.0,False,always_cooperate,22,22500,2.0454545454545454,1.0,19,0,0,19
20260925,1,0.0,False,always_defect,31,44876,2.895225806451613,0.0,38,0,0,38
20260925,1,0.0,False,reputation_guard,23,24120,2.097391304347826,1.0,20,0,0,20
20260925,1,0.0,False,tit_for_tat,24,27936,2.328,0.712,23,0,0,23
20260925,2,0.0,False,always_cooperate,19,16770,1.7652631578947369,1.0,15,0,0,15
20260925,2,0.0,False,always_defect,38,51304,2.7002105263157894,0.0,46,0,0,46
20260925,2,0.0,False,reputation_guard,20,18870,1.887,1.0,17,0,0,17
20260925,2,0.0,False,tit_for_tat,23,24924,2.167304347826087,0.6431304347826087,22,0,0,22
20260925,3,0.0,False,always_cooperate,15,12240,1.632,1.0,12,0,0,12
20260925,3,0.0,False,always_defect,46,54216,2.357217391304348,0.0,53,0,0,53
20260925,3,0.0,False,reputation_guard,17,13920,1.6376470588235295,1.0,14,0,0,14
20260925,3,0.0,False,tit_for_tat,22,21996,1.9996363636363637,0.5712727272727273,21,0,0,21
20260925,4,0.0,False,always_cooperate,12,8280,1.38,1.0,9,0,0,9
20260925,4,0.0,False,always_defect,53,56772,2.1423396226415092,0.0,60,0,0,60
20260925,4,0.0,False,reputation_guard,14,9720,1.3885714285714286,1.0,10,0,0,10
20260925,4,0.0,False,tit_for_tat,21,19572,1.864,0.5131428571428571,21,0,0,21
20260925,5,0.0,False,always_cooperate,9,5190,1.1533333333333333,1.0,6,0,0,6
20260925,5,0.0,False,always_defect,60,54972,1.8324,0.0,65,0,0,65
20260925,5,0.0,False,reputation_guard,10,6480,1.296,1.0,8,0,0,8
20260925,5,0.0,False,tit_for_tat,21,18207,1.734,0.4574285714285714,21,0,0,21
20260925,6,0.0,False,always_cooperate,6,2880,0.96,1.0,4,0,0,4
20260925,6,0.0,False,always_defect,65,54020,1.662153846153846,0.0,69,0,0,69
20260925,6,0.0,False,reputation_guard,8,4080,1.02,1.0,5,0,0,5
20260925,6,0.0,False,tit_for_tat,21,16800,1.6,0.4,22,0,0,22
20260925,7,0.0,False,always_cooperate,4,1980,0.99,1.0,3,0,0,3
20260925,7,0.0,False,always_defect,69,50188,1.4547246376811593,0.0,71,0,0,71
20260925,7,0.0,False,reputation_guard,5,2100,0.84,1.0,3,0,0,3
20260925,7,0.0,False,tit_for_tat,22,16578,1.507090909090909,0.36018181818181816,23,0,0,23
20260925,8,0.0,False,always_cooperate,3,1020,0.68,1.0,2,0,0,2
20260925,8,0.0,False,always_defect,71,47340,1.3335211267605633,0.0,70,0,0,70
20260925,8,0.0,False,reputation_guard,3,1560,1.04,1.0,2,0,0,2
20260925,8,0.0,False,tit_for_tat,23,17280,1.5026086956521738,0.3582608695652174,26,0,0,26
20260925,9,0.0,False,always_cooperate,2,1080,1.08,1.0,2,0,0,2
20260925,9,0.0,False,always_defect,70,44200,1.262857142857143,0.0,67,0,0,67
20260925,9,0.0,False,reputation_guard,2,780,0.78,1.0,1,0,0,1
20260925,9,0.0,False,tit_for_tat,26,19680,1.5138461538461538,0.3630769230769231,30,0,0,30
20260926,0,0.0,False,always_cooperate,25,27870,2.2296,1.0,22,0,0,22
20260926,0,0.0,False,always_defect,25,38956,3.11648,0.0,31,0,0,31
20260926,0,0.0,False,reputation_guard,25,28230,2.2584,1.0,22,0,0,22
20260926,0,0.0,False,tit_for_tat,25,30906,2.47248,0.77392,25,0,0,25
20260926,1,0.0,False,always_cooperate,22,22410,2.037272727272727,1.0,19,0,0,19
20260926,1,0.0,False,always_defect,31,45212,2.916903225806452,0.0,38,0,0,38
20260926,1,0.0,False,reputation_guard,22,22530,2.0481818181818183,1.0,19,0,0,19
20260926,1,0.0,False,tit_for_tat,25,28932,2.31456,0.70624,24,0,0,24
20260926,2,0.0,False,always_cooperate,19,18030,1.8978947368421053,1.0,16,0,0,16
20260926,2,0.0,False,always_defect,38,49652,2.6132631578947367,0.0,45,0,0,45
20260926,2,0.0,False,reputation_guard,19,17400,1.831578947368421,1.0,16,0,0,16
20260926,2,0.0,False,tit_for_tat,24,26067,2.17225,0.64525,23,0,0,23
20260926,3,0.0,False,always_cooperate,16,13260,1.6575,1.0,13,0,0,13
20260926,3,0.0,False,always_defect,45,53652,2.384533333333333,0.0,52,0,0,52
20260926,3,0.0,False,reputation_guard,16,12960,1.62,1.0,12,0,0,12
20260926,3,0.0,False,tit_for_tat,23,23412,2.0358260869565217,0.5867826086956521,23,0,0,23
20260926,4,0.0,False,always_cooperate,13,8520,1.3107692307692307,1.0,9,0,0,9
20260926,4,0.0,False,always_defect,52,54940,2.1130769230769233,0.0,58,0,0,58
20260926,4,0.0,False,reputation_guard,12,9090,1.515,1.0,10,0,0,10
20260926,4,0.0,False,tit_for_tat,23,21795,1.8952173913043477,0.5265217391304348,23,0,0,23
20260926,5,0.0,False,always_cooperate,9,5790,1.2866666666666666,1.0,7,0,0,7
20260926,5,0.0,False,always_defect,58,53768,1.8540689655172413,0.0,63,0,0,63
20260926,5,0.0,False,reputation_guard,10,6210,1.242,1.0,7,0,0,7
20260926,5,0.0,False,tit_for_tat,23,19968,1.7363478260869565,0.45843478260869563,23,0,0,23
20260926,6,0.0,False,always_cooperate,7,3660,1.0457142857142858,1.0,4,0,0,4
20260926,6,0.0,False,always_defect,63,52672,1.6721269841269841,0.0,67,0,0,67
20260926,6,0.0,False,reputation_guard,7,3690,1.0542857142857143,1.0,5,0,0,5
20260926,6,0.0,False,tit_for_tat,23,18897,1.6432173913043477,0.4185217391304348,24,0,0,24
20260926,7,0.0,False,always_cooperate,4,1950,0.975,1.0,3,0,0,3
20260926,7,0.0,False,always_defect,67,48604,1.4508656716417911,0.0,67,0,0,67
20260926,7,0.0,False,reputation_guard,5,2610,1.044,1.0,3,0,0,3
20260926,7,0.0,False,tit_for_tat,24,19284,1.607,0.403,27,0,0,27
20260926,8,0.0,False,always_cooperate,3,1560,1.04,1.0,2,0,0,2
20260926,8,0.0,False,always_defect,67,45236,1.3503283582089551,0.0,65,0,0,65
20260926,8,0.0,False,reputation_guard,3,1380,0.92,1.0,2,0,0,2
20260926,8,0.0,False,tit_for_tat,27,21306,1.5782222222222222,0.39066666666666666,31,0,0,31
20260926,9,0.0,False,always_cooperate,2,1350,1.35,1.0,2,0,0,2
20260926,9,0.0,False,always_defect,65,41384,1.273353846153846,0.0,60,0,0,60
20260926,9,0.0,False,reputation_guard,2,1140,1.14,1.0,2,0,0,2
20260926,9,0.0,False,tit_for_tat,31,24429,1.5760645161290323,0.389741935483871,36,0,0,36
20260927,0,0.0,False,always_cooperate,25,27780,2.2224,1.0,22,0,0,22
20260927,0,0.0,False,always_defect,25,39008,3.12064,0.0,31,0,0,31
20260927,0,0.0,False,reputation_guard,25,28290,2.2632,1.0,22,0,0,22
20260927,0,0.0,False,tit_for_tat,25,30843,2.46744,0.77176,25,0,0,25
20260927,1,0.0,False,always_cooperate,22,22500,2.0454545454545454,1.0,19,0,0,19
20260927,1,0.0,False,always_defect,31,44396,2.864258064516129,0.0,37,0,0,37
20260927,1,0.0,False,reputation_guard,22,23040,2.0945454545454547,1.0,19,0,0,19
20260927,1,0.0,False,tit_for_tat,25,29016,2.32128,0.70912,25,0,0,25
20260927,2,0.0,False,always_cooperate,19,18630,1.9610526315789474,1.0,17,0,0,17
20260927,2,0.0,False,always_defect,37,48112,2.6006486486486486,0.0,43,0,0,43
20260927,2,0.0,False,reputation_guard,19,17580,1.8505263157894736,1.0,16,0,0,16
20260927,2,0.0,False,tit_for_tat,25,27567,2.20536,0.65944,24,0,0,24
20260927,3,0.0,False,always_cooperate,17,14580,1.7152941176470589,1.0,14,0,0,14
20260927,3,0.0,False,always_defect,43,51012,2.3726511627906977,0.0,49,0,0,49
20260927,3,0.0,False,reputation_guard,16,14400,1.8,1.0,14,0,0,14
20260927,3,0.0,False,tit_for_tat,24,24702,2.0585,0.5965,23,0,0,23
20260927,4,0.0,False,always_cooperate,14,10740,1.5342857142857143,1.0,11,0,0,11
20260927,4,0.0,False,always_defect,49,54340,2.2179591836734693,0.0,55,0,0,55
20260927,4,0.0,False,reputation_guard,14,10620,1.5171428571428571,1.0,11,0,0,11
20260927,4,0.0,False,tit_for_tat,23,22320,1.9408695652173913,0.5460869565217391,23,0,0,23
20260927,5,0.0,False,always_cooperate,11,7140,1.298181818181818,1.0,8,0,0,8
20260927,5,0.0,False,always_defect,55,54572,1.9844363636363636,0.0,61,0,0,61
20260927,5,0.0,False,reputation_guard,11,7500,1.3636363636363635,1.0,8,0,0,8
20260927,5,0.0,False,tit_for_tat,23,20892,1.816695652173913,0.4928695652173913,23,0,0,23
20260927,6,0.0,False,always_cooperate,8,4440,1.11,1.0,5,0,0,5
20260927,6,0.0,False,always_defect,61,52264,1.7135737704918033,0.0,64,0,0,64
20260927,6,0.0,False,reputation_guard,8,5310,1.3275,1.0,7,0,0,7
20260927,6,0.0,False,tit_for_tat,23,19989,1.7381739130434783,0.4592173913043478,24,0,0,24
20260927,7,0.0,False,always_cooperate,5,2790,1.116,1.0,4,0,0,4
20260927,7,0.0,False,always_defect,64,50740,1.585625,0.0,66,0,0,66
20260927,7,0.0,False,reputation_guard,7,3480,0.9942857142857143,1.0,4,0,0,4
20260927,7,0.0,False,tit_for_tat,24,19725,1.64375,0.41875,26,0,0,26
20260927,8,0.0,False,always_cooperate,4,2130,1.065,1.0,3,0,0,3
20260927,8,0.0,False,always_defect,66,47628,1.4432727272727273,0.0,67,0,0,67
20260927,8,0.0,False,reputation_guard,4,1560,0.78,1.0,2,0,0,2
20260927,8,0.0,False,tit_for_tat,26,20373,1.5671538461538461,0.3859230769230769,28,0,0,28
20260927,9,0.0,False,always_cooperate,3,1440,0.96,1.0,2,0,0,2
20260927,9,0.0,False,always_defect,67,44304,1.3225074626865672,0.0,65,0,0,65
20260927,9,0.0,False,reputation_guard,2,870,0.87,1.0,1,0,0,1
20260927,9,0.0,False,tit_for_tat,28,21609,1.5435,0.3757857142857143,32,0,0,32
20260928,0,0.0,False,always_cooperate,25,27660,2.2128,1.0,22,0,0,22
20260928,0,0.0,False,always_defect,25,39120,3.1296,0.0,31,0,0,31
20260928,0,0.0,False,reputation_guard,25,28350,2.268,1.0,23,0,0,23
20260928,0,0.0,False,tit_for_tat,25,30675,2.454,0.766,24,0,0,24
20260928,1,0.0,False,always_cooperate,22,23550,2.140909090909091,1.0,20,0,0,20
20260928,1,0.0,False,always_defect,31,44636,2.879741935483871,0.0,37,0,0,37
20260928,1,0.0,False,reputation_guard,23,23250,2.0217391304347827,1.0,20,0,0,20
20260928,1,0.0,False,tit_for_tat,24,27936,2.328,0.712,23,0,0,23
20260928,2,0.0,False,always_cooperate,20,19020,1.902,1.0,17,0,0,17
20260928,2,0.0,False,always_defect,37,49112,2.6547027027027026,0.0,44,0,0,44
20260928,2,0.0,False,reputation_guard,20,19350,1.935,1.0,17,0,0,17
20260928,2,0.0,False,tit_for_tat,23,25197,2.1910434782608696,0.6533043478260869,22,0,0,22
20260928,3,0.0,False,always_cooperate,17,14190,1.6694117647058824,1.0,14,0,0,14
20260928,3,0.0,False,always_defect,44,53796,2.4452727272727275,0.0,51,0,0,51
20260928,3,0.0,False,reputation_guard,17,14460,1.7011764705882353,1.0,14,0,0,14
20260928,3,0.0,False,tit_for_tat,22,22521,2.0473636363636363,0.5917272727272728,21,0,0,21
20260928,4,0.0,False,always_cooperate,14,9990,1.427142857142857,1.0,10,0,0,10
20260928,4,0.0,False,always_defect,51,56448,2.2136470588235295,0.0,58,0,0,58
20260928,4,0.0,False,reputation_guard,14,10440,1.4914285714285713,1.0,11,0,0,11
20260928,4,0.0,False,tit_for_tat,21,20013,1.906,0.5311428571428571,21,0,0,21
20260928,5,0.0,False,always_cooperate,10,6090,1.218,1.0,7,0,0,7
20260928,5,0.0,False,always_defect,58,55252,1.9052413793103449,0.0,63,0,0,63
20260928,5,0.0,False,reputation_guard,11,7500,1.3636363636363635,1.0,8,0,0,8
20260928,5,0.0,False,tit_for_tat,21,19047,1.814,0.4917142857142857,22,0,0,22
20260928,6,0.0,False,always_cooperate,7,4050,1.1571428571428573,1.0,5,0,0,5
20260928,6,0.0,False,always_defect,63,53156,1.6874920634920636,0.0,67,0,0,67
20260928,6,0.0,False,reputation_guard,8,4290,1.0725,1.0,5,0,0,5
20260928,6,0.0,False,tit_for_tat,22,18426,1.6750909090909092,0.43218181818181817,23,0,0,23
20260928,7,0.0,False,always_cooperate,5,2550,1.02,1.0,3,0,0,3
20260928,7,0.0,False,always_defect,67,50448,1.505910447761194,0.0,69,0,0,69
20260928,7,0.0,False,reputation_guard,5,2100,0.84,1.0,3,0,0,3
20260928,7,0.0,False,tit_for_tat,23,17973,1.5628695652173914,0.38408695652173913,25,0,0,25
20260928,8,0.0,False,always_cooperate,3,1410,0.94,1.0,2,0,0,2
20260928,8,0.0,False,always_defect,69,46756,1.355246376811594,0.0,69,0,0,69
20260928,8,0.0,False,reputation_guard,3,1050,0.7,1.0,1,0,0,1
20260928,8,0.0,False,tit_for_tat,25,18936,1.51488,0.36352,28,0,0,28
20260928,9,0.0,False,always_cooperate,2,1200,1.2,1.0,2,0,0,2
20260928,9,0.0,False,always_defect,69,42072,1.2194782608695651,0.0,64,0,0,64
20260928,9,0.0,False,reputation_guard,1,510,1.02,1.0,1,0,0,1
20260928,9,0.0,False,tit_for_tat,28,21777,1.5555,0.38092857142857145,33,0,0,33
20260929,0,0.0,False,always_cooperate,25,28500,2.28,1.0,23,0,0,23
20260929,0,0.0,False,always_defect,25,39312,3.14496,0.0,31,0,0,31
20260929,0,0.0,False,reputation_guard,25,27330,2.1864,1.0,22,0,0,22
20260929,0,0.0,False,tit_for_tat,25,30927,2.47416,0.77464,24,0,0,24
20260929,1,0.0,False,always_cooperate,23,23670,2.0582608695652174,1.0,20,0,0,20
20260929,1,0.0,False,always_defect,31,44576,2.8758709677419354,0.0,37,0,0,37
20260929,1,0.0,False,reputation_guard,22,23160,2.1054545454545455,1.0,19,0,0,19
20260929,1,0.0,False,tit_for_tat,24,28041,2.33675,0.71575,24,0,0,24
20260929,2,0.0,False,always_cooperate,20,18840,1.884,1.0,17,0,0,17
20260929,2,0.0,False,always_defect,37,48984,2.6477837837837837,0.0,43,0,0,43
20260929,2,0.0,False,reputation_guard,19,18150,1.9105263157894736,1.0,16,0,0,16
20260929,2,0.0,False,tit_for_tat,24,26529,2.21075,0.66175,24,0,0,24
20260929,3,0.0,False,always_cooperate,17,14250,1.6764705882352942,1.0,13,0,0,13
20260929,3,0.0,False,always_defect,43,52360,2.435348837209302,0.0,50,0,0,50
20260929,3,0.0,False,reputation_guard,16,13680,1.71,1.0,13,0,0,13
20260929,3,0.0,False,tit_for_tat,24,24975,2.08125,0.60625,24,0,0,24
20260929,4,0.0,False,always_cooperate,13,9330,1.4353846153846155,1.0,10,0,0,10
20260929,4,0.0,False,always_defect,50,53304,2.13216,0.0,55,0,0,55
20260929,4,0.0,False,reputation_guard,13,10170,1.5646153846153845,1.0,10,0,0,10
20260929,4,0.0,False,tit_for_tat,24,23904,1.992,0.568,25,0,0,25
20260929,5,0.0,False,always_cooperate,10,6930,1.386,1.0,8,0,0,8
20260929,5,0.0,False,always_defect,55,52448,1.9072,0.0,59,0,0,59
20260929,5,0.0,False,reputation_guard,10,6420,1.284,1.0,7,0,0,7
20260929,5,0.0,False,tit_for_tat,25,23073,1.84584,0.50536,26,0,0,26
20260929,6,0.0,False,always_cooperate,8,5100,1.275,1.0,6,0,0,6
20260929,6,0.0,False,always_defect,59,50416,1.7090169491525424,0.0,62,0,0,62
20260929,6,0.0,False,reputation_guard,7,4110,1.1742857142857144,1.0,5,0,0,5
20260929,6,0.0,False,tit_for_tat,26,22221,1.7093076923076924,0.44684615384615384,27,0,0,27
20260929,7,0.0,False,always_cooperate,6,3120,1.04,1.0,4,0,0,4
20260929,7,0.0,False,always_defect,62,48720,1.5716129032258064,0.0,63,0,0,63
20260929,7,0.0,False,reputation_guard,5,2700,1.08,1.0,4,0,0,4
20260929,7,0.0,False,tit_for_tat,27,22230,1.6466666666666667,0.42,29,0,0,29
20260929,8,0.0,False,always_cooperate,4,2220,1.11,1.0,3,0,0,3
20260929,8,0.0,False,always_defect,63,45060,1.4304761904761905,0.0,61,0,0,61
20260929,8,0.0,False,reputation_guard,4,2340,1.17,1.0,3,0,0,3
20260929,8,0.0,False,tit_for_tat,29,24390,1.6820689655172414,0.43517241379310345,33,0,0,33
20260929,9,0.0,False,always_cooperate,3,1470,0.98,1.0,2,0,0,2
20260929,9,0.0,False,always_defect,61,42524,1.3942295081967213,0.0,58,0,0,58
20260929,9,0.0,False,reputation_guard,3,1650,1.1,1.0,2,0,0,2
20260929,9,0.0,False,tit_for_tat,33,27534,1.6687272727272728,0.4294545454545455,38,0,0,38
20260930,0,0.0,False,always_cooperate,25,28200,2.256,1.0,22,0,0,22
20260930,0,0.0,False,always_defect,25,38028,3.04224,0.0,30,0,0,30
20260930,0,0.0,False,reputation_guard,25,28620,2.2896,1.0,23,0,0,23
20260930,0,0.0,False,tit_for_tat,25,30738,2.45904,0.76816,25,0,0,25
20260930,1,0.0,False,always_cooperate,22,22890,2.080909090909091,1.0,19,0,0,19
20260930,1,0.0,False,always_defect,30,44092,2.9394666666666667,0.0,37,0,0,37
20260930,1,0.0,False,reputation_guard,23,24000,2.0869565217391304,1.0,20,0,0,20
20260930,1,0.0,False,tit_for_tat,25,29037,2.32296,0.70984,24,0,0,24
20260930,2,0.0,False,always_cooperate,19,17880,1.8821052631578947,1.0,16,0,0,16
20260930,2,0.0,False,always_defect,37,49464,2.6737297297297298,0.0,44,0,0,44
20260930,2,0.0,False,reputation_guard,20,18750,1.875,1.0,17,0,0,17
20260930,2,0.0,False,tit_for_tat,24,26529,2.21075,0.66175,23,0,0,23
20260930,3,0.0,False,always_cooperate,16,12960,1.62,1.0,12,0,0,12
20260930,3,0.0,False,always_defect,44,53364,2.4256363636363636,0.0,51,0,0,51
20260930,3,0.0,False,reputation_guard,17,14490,1.704705882352941,1.0,14,0,0,14
20260930,3,0.0,False,tit_for_tat,23,24189,2.1033913043478263,0.6157391304347826,23,0,0,23
20260930,4,0.0,False,always_cooperate,12,8910,1.485,1.0,9,0,0,9
20260930,4,0.0,False,always_defect,51,54456,2.135529411764706,0.0,57,0,0,57
20260930,4,0.0,False,reputation_guard,14,10140,1.4485714285714286,1.0,11,0,0,11
20260930,4,0.0,False,tit_for_tat,23,22131,1.9244347826086956,0.5390434782608695,23,0,0,23
20260930,5,0.0,False,always_cooperate,9,5760,1.28,1.0,7,0,0,7
20260930,5,0.0,False,always_defect,57,54748,1.9209824561403508,0.0,63,0,0,63
20260930,5,0.0,False,reputation_guard,11,6600,1.2,1.0,7,0,0,7
20260930,5,0.0,False,tit_for_tat,23,20178,1.7546086956521738,0.4662608695652174,23,0,0,23
20260930,6,0.0,False,always_cooperate,7,3780,1.08,1.0,5,0,0,5
20260930,6,0.0,False,always_defect,63,53300,1.692063492063492,0.0,67,0,0,67
20260930,6,0.0,False,reputation_guard,7,3060,0.8742857142857143,1.0,4,0,0,4
20260930,6,0.0,False,tit_for_tat,23,19170,1.6669565217391304,0.42869565217391303,24,0,0,24
20260930,7,0.0,False,always_cooperate,5,2370,0.948,1.0,3,0,0,3
20260930,7,0.0,False,always_defect,67,48960,1.4614925373134329,0.0,68,0,0,68
20260930,7,0.0,False,reputation_guard,4,1980,0.99,1.0,3,0,0,3
20260930,7,0.0,False,tit_for_tat,24,18885,1.57375,0.38875,26,0,0,26
20260930,8,0.0,False,always_cooperate,3,1110,0.74,1.0,2,0,0,2
20260930,8,0.0,False,always_defect,68,46448,1.3661176470588234,0.0,67,0,0,67
20260930,8,0.0,False,reputation_guard,3,1290,0.86,1.0,2,0,0,2
20260930,8,0.0,False,tit_for_tat,26,19848,1.5267692307692309,0.3686153846153846,29,0,0,29
20260930,9,0.0,False,always_cooperate,2,1170,1.17,1.0,2,0,0,2
20260930,9,0.0,False,always_defect,67,42528,1.269492537313433,0.0,63,0,0,63
20260930,9,0.0,False,reputation_guard,2,960,0.96,1.0,1,0,0,1
20260930,9,0.0,False,tit_for_tat,29,23193,1.5995172413793104,0.39979310344827584,34,0,0,34
